id,first_name,last_name,created_at,updated_at
1,Lemke,Eliezer,2012-02-26 20:56:56 UTC,2012-02-26 20:56:56 UTC
2,Davis,Lavonne,2012-02-26 20:56:57 UTC,2012-02-26 20:56:57 UTC
3,Runte,Stone,2012-02-26 20:56:57 UTC,2012-02-26 20:56:57 UTC
4,Lemke,Zoey,2012-02-26 20:56:57 UTC,2012-02-26 20:56:57 UTC
5,D'Amore,Raven,2012-02-26 20:56:57 UTC,2012-02-26 20:56:57 UTC
6,Dickens,Ivy,2012-02-26 20:56:57 UTC,2012-02-26 20:56:57 UTC
7,Smitham,Tommie,2012-02-26 20:56:57 UTC,2012-02-26 20:56:57 UTC
8,Cronin,Maximo,2012-02-26 20:56:57 UTC,2012-02-26 20:56:57 UTC
9,Waelchi,Marlen,2012-02-26 20:56:57 UTC,2012-02-26 20:56:57 UTC
10,Muller,Flo,2012-02-26 20:56:58 UTC,2012-02-26 20:56:58 UTC
11,Ziemann,Cody,2012-02-26 20:56:58 UTC,2012-02-26 20:56:58 UTC
12,Murray,Julien,2012-02-26 20:56:58 UTC,2012-02-26 20:56:58 UTC
13,Lindgren,Kobe,2012-02-26 20:56:59 UTC,2012-02-26 20:56:59 UTC
14,Bergstrom,Jacinto,2012-02-26 20:56:59 UTC,2012-02-26 20:56:59 UTC
15,Schmeler,Emil,2012-02-26 20:56:59 UTC,2012-02-26 20:56:59 UTC
16,Rutherford,Israel,2012-02-26 20:56:59 UTC,2012-02-26 20:56:59 UTC
17,Leannon,Mylene,2012-02-26 20:56:59 UTC,2012-02-26 20:56:59 UTC
18,Kuvalis,Norris,2012-02-26 20:56:59 UTC,2012-02-26 20:56:59 UTC
19,Bogan,Arely,2012-02-26 20:56:59 UTC,2012-02-26 20:56:59 UTC
20,Kirlin,Asha,2012-02-26 20:56:59 UTC,2012-02-26 20:56:59 UTC
21,Veum,Mckayla,2012-02-26 20:56:59 UTC,2012-02-26 20:56:59 UTC
22,Howe,Floyd,2012-02-26 20:57:00 UTC,2012-02-26 20:57:00 UTC
23,Ebert,Jamison,2012-02-26 20:57:00 UTC,2012-02-26 20:57:00 UTC
24,Durgan,Alejandrin,2012-02-26 20:57:00 UTC,2012-02-26 20:57:00 UTC
25,Monahan,Brianne,2012-02-26 20:57:00 UTC,2012-02-26 20:57:00 UTC
26,Walter,Kennedy,2012-02-26 20:57:00 UTC,2012-02-26 20:57:00 UTC
27,Zieme,Mercedes,2012-02-26 20:57:01 UTC,2012-02-26 20:57:01 UTC
28,MacGyver,Pearlie,2012-02-26 20:57:01 UTC,2012-02-26 20:57:01 UTC
29,Rice,Elva,2012-02-26 20:57:01 UTC,2012-02-26 20:57:01 UTC
30,Skiles,Agustina,2012-02-26 20:57:01 UTC,2012-02-26 20:57:01 UTC
31,Moore,Casimer,2012-02-26 20:57:01 UTC,2012-02-26 20:57:01 UTC
32,Witting,Reyes,2012-02-26 20:57:02 UTC,2012-02-26 20:57:02 UTC
33,Mueller,Axel,2012-02-26 20:57:02 UTC,2012-02-26 20:57:02 UTC
34,Smitham,Rosemary,2012-02-26 20:57:02 UTC,2012-02-26 20:57:02 UTC
35,Doyle,Chesley,2012-02-26 20:57:02 UTC,2012-02-26 20:57:02 UTC
36,Gerlach,Isaiah,2012-02-26 20:57:02 UTC,2012-02-26 20:57:02 UTC
37,Brakus,Joshua,2012-02-26 20:57:03 UTC,2012-02-26 20:57:03 UTC
38,Corkery,Jerry,2012-02-26 20:57:03 UTC,2012-02-26 20:57:03 UTC
39,Schultz,Harry,2012-02-26 20:57:03 UTC,2012-02-26 20:57:03 UTC
40,Zemlak,Bobbie,2012-02-26 20:57:03 UTC,2012-02-26 20:57:03 UTC
41,Conroy,Tyrique,2012-02-26 20:57:04 UTC,2012-02-26 20:57:04 UTC
42,Bruen,Ladarius,2012-02-26 20:57:04 UTC,2012-02-26 20:57:04 UTC
43,Mann,Nettie,2012-02-26 20:57:04 UTC,2012-02-26 20:57:04 UTC
44,Corwin,Chanelle,2012-02-26 20:57:04 UTC,2012-02-26 20:57:04 UTC
45,Hegmann,Casandra,2012-02-26 20:57:04 UTC,2012-02-26 20:57:04 UTC
46,Rath,Genesis,2012-02-26 20:57:05 UTC,2012-02-26 20:57:05 UTC
47,Spencer,Abigail,2012-02-26 20:57:05 UTC,2012-02-26 20:57:05 UTC
48,Weber,Hudson,2012-02-26 20:57:05 UTC,2012-02-26 20:57:05 UTC
49,Funk,Maddison,2012-02-26 20:57:05 UTC,2012-02-26 20:57:05 UTC
50,Bartoletti,Ona,2012-02-26 20:57:05 UTC,2012-02-26 20:57:05 UTC
51,Denesik,Nasir,2012-02-26 20:57:05 UTC,2012-02-26 20:57:05 UTC
52,Nolan,Elouise,2012-02-26 20:57:05 UTC,2012-02-26 20:57:05 UTC
53,Toy,Elody,2012-02-26 20:57:05 UTC,2012-02-26 20:57:05 UTC
54,Nikolaus,Nola,2012-02-26 20:57:06 UTC,2012-02-26 20:57:06 UTC
55,Wiza,Sheridan,2012-02-26 20:57:06 UTC,2012-02-26 20:57:06 UTC
56,McGlynn,Marcelino,2012-02-26 20:57:06 UTC,2012-02-26 20:57:06 UTC
57,Konopelski,Uriah,2012-02-26 20:57:06 UTC,2012-02-26 20:57:06 UTC
58,Heidenreich,Barry,2012-02-26 20:57:06 UTC,2012-02-26 20:57:06 UTC
59,Stamm,Faye,2012-02-26 20:57:06 UTC,2012-02-26 20:57:06 UTC
60,Ebert,Jaiden,2012-02-26 20:57:06 UTC,2012-02-26 20:57:06 UTC
61,Senger,Prudence,2012-02-26 20:57:06 UTC,2012-02-26 20:57:06 UTC
62,Schuppe,Rylan,2012-02-26 20:57:06 UTC,2012-02-26 20:57:06 UTC
63,Armstrong,Mathew,2012-02-26 20:57:07 UTC,2012-02-26 20:57:07 UTC
64,Auer,Josianne,2012-02-26 20:57:07 UTC,2012-02-26 20:57:07 UTC
65,Feil,Sterling,2012-02-26 20:57:07 UTC,2012-02-26 20:57:07 UTC
66,Kuvalis,Francesca,2012-02-26 20:57:07 UTC,2012-02-26 20:57:07 UTC
67,Mayert,Maryam,2012-02-26 20:57:07 UTC,2012-02-26 20:57:07 UTC
68,Kunze,Jean,2012-02-26 20:57:07 UTC,2012-02-26 20:57:07 UTC
69,Baumbach,Darwin,2012-02-26 20:57:07 UTC,2012-02-26 20:57:07 UTC
70,Bosco,Clotilde,2012-02-26 20:57:07 UTC,2012-02-26 20:57:07 UTC
71,Leuschke,Glen,2012-02-26 20:57:07 UTC,2012-02-26 20:57:07 UTC
72,Lindgren,Marc,2012-02-26 20:57:08 UTC,2012-02-26 20:57:08 UTC
73,Simonis,Rose,2012-02-26 20:57:08 UTC,2012-02-26 20:57:08 UTC
74,Ondricka,Glenda,2012-02-26 20:57:08 UTC,2012-02-26 20:57:08 UTC
75,Cole,Deshaun,2012-02-26 20:57:08 UTC,2012-02-26 20:57:08 UTC
76,Larkin,Damian,2012-02-26 20:57:09 UTC,2012-02-26 20:57:09 UTC
77,Mueller,Elvie,2012-02-26 20:57:09 UTC,2012-02-26 20:57:09 UTC
78,Keeling,Macie,2012-02-26 20:57:09 UTC,2012-02-26 20:57:09 UTC
79,Harber,Mary,2012-02-26 20:57:09 UTC,2012-02-26 20:57:09 UTC
80,McDermott,Daphnee,2012-02-26 20:57:09 UTC,2012-02-26 20:57:09 UTC
81,Carroll,Enola,2012-02-26 20:57:09 UTC,2012-02-26 20:57:09 UTC
82,Lakin,Manuel,2012-02-26 20:57:10 UTC,2012-02-26 20:57:10 UTC
83,King,Ahmed,2012-02-26 20:57:10 UTC,2012-02-26 20:57:10 UTC
84,Hand,Winfield,2012-02-26 20:57:10 UTC,2012-02-26 20:57:10 UTC
85,Borer,Florine,2012-02-26 20:57:10 UTC,2012-02-26 20:57:10 UTC
86,Graham,Yessenia,2012-02-26 20:57:11 UTC,2012-02-26 20:57:11 UTC
87,Heaney,Jayme,2012-02-26 20:57:11 UTC,2012-02-26 20:57:11 UTC
88,Beer,Natalie,2012-02-26 20:57:11 UTC,2012-02-26 20:57:11 UTC
89,Corwin,Kayla,2012-02-26 20:57:11 UTC,2012-02-26 20:57:11 UTC
90,Cartwright,Jerad,2012-02-26 20:57:11 UTC,2012-02-26 20:57:11 UTC
91,Rogahn,Lottie,2012-02-26 20:57:11 UTC,2012-02-26 20:57:11 UTC
92,Goldner,Gayle,2012-02-26 20:57:12 UTC,2012-02-26 20:57:12 UTC
93,Toy,Dayne,2012-02-26 20:57:12 UTC,2012-02-26 20:57:12 UTC
94,Doyle,Nicklaus,2012-02-26 20:57:12 UTC,2012-02-26 20:57:12 UTC
95,Mann,Jeromy,2012-02-26 20:57:12 UTC,2012-02-26 20:57:12 UTC
96,Kertzmann,Kaylee,2012-02-26 20:57:12 UTC,2012-02-26 20:57:12 UTC
97,Beier,Abbigail,2012-02-26 20:57:13 UTC,2012-02-26 20:57:13 UTC
98,Greenholt,Hulda,2012-02-26 20:57:13 UTC,2012-02-26 20:57:13 UTC
99,Ernser,Albina,2012-02-26 20:57:13 UTC,2012-02-26 20:57:13 UTC
100,Rath,Westley,2012-02-26 20:57:13 UTC,2012-02-26 20:57:13 UTC
101,Davis,Beau,2012-02-26 20:57:13 UTC,2012-02-26 20:57:13 UTC
102,Metz,Virginia,2012-02-26 20:57:13 UTC,2012-02-26 20:57:13 UTC
103,Zemlak,Broderick,2012-02-26 20:57:13 UTC,2012-02-26 20:57:13 UTC
104,Will,Gaylord,2012-02-26 20:57:13 UTC,2012-02-26 20:57:13 UTC
105,Langosh,Devon,2012-02-26 20:57:14 UTC,2012-02-26 20:57:14 UTC
106,Reilly,Broderick,2012-02-26 20:57:14 UTC,2012-02-26 20:57:14 UTC
107,Jacobi,Karson,2012-02-26 20:57:14 UTC,2012-02-26 20:57:14 UTC
108,Greenfelder,Wilfred,2012-02-26 20:57:15 UTC,2012-02-26 20:57:15 UTC
109,Herman,Donavon,2012-02-26 20:57:15 UTC,2012-02-26 20:57:15 UTC
110,Miller,Ryleigh,2012-02-26 20:57:15 UTC,2012-02-26 20:57:15 UTC
111,Stokes,Adelia,2012-02-26 20:57:15 UTC,2012-02-26 20:57:15 UTC
112,Mills,Tom,2012-02-26 20:57:15 UTC,2012-02-26 20:57:15 UTC
113,Mosciski,Tyson,2012-02-26 20:57:15 UTC,2012-02-26 20:57:15 UTC
114,O'Connell,Cary,2012-02-26 20:57:15 UTC,2012-02-26 20:57:15 UTC
115,Rath,Laisha,2012-02-26 20:57:15 UTC,2012-02-26 20:57:15 UTC
116,Vandervort,Russell,2012-02-26 20:57:16 UTC,2012-02-26 20:57:16 UTC
117,Boyle,Lauriane,2012-02-26 20:57:16 UTC,2012-02-26 20:57:16 UTC
118,Konopelski,Hester,2012-02-26 20:57:16 UTC,2012-02-26 20:57:16 UTC
119,Price,Max,2012-02-26 20:57:16 UTC,2012-02-26 20:57:16 UTC
120,Wehner,Jabari,2012-02-26 20:57:16 UTC,2012-02-26 20:57:16 UTC
121,Hauck,Titus,2012-02-26 20:57:16 UTC,2012-02-26 20:57:16 UTC
122,Haley,Dayne,2012-02-26 20:57:17 UTC,2012-02-26 20:57:17 UTC
123,McClure,Barbara,2012-02-26 20:57:17 UTC,2012-02-26 20:57:17 UTC
124,Rosenbaum,Virgie,2012-02-26 20:57:17 UTC,2012-02-26 20:57:17 UTC
125,Konopelski,Colby,2012-02-26 20:57:17 UTC,2012-02-26 20:57:17 UTC
126,Altenwerth,Manuel,2012-02-26 20:57:17 UTC,2012-02-26 20:57:17 UTC
127,Adams,Carson,2012-02-26 20:57:17 UTC,2012-02-26 20:57:17 UTC
128,Grimes,Laurence,2012-02-26 20:57:18 UTC,2012-02-26 20:57:18 UTC
129,Greenfelder,Rubie,2012-02-26 20:57:18 UTC,2012-02-26 20:57:18 UTC
130,Kovacek,Ardella,2012-02-26 20:57:18 UTC,2012-02-26 20:57:18 UTC
131,Schmidt,Marcus,2012-02-26 20:57:18 UTC,2012-02-26 20:57:18 UTC
132,Kuvalis,Lou,2012-02-26 20:57:18 UTC,2012-02-26 20:57:18 UTC
133,Schimmel,Shania,2012-02-26 20:57:19 UTC,2012-02-26 20:57:19 UTC
134,Durgan,Loy,2012-02-26 20:57:19 UTC,2012-02-26 20:57:19 UTC
135,Jones,Ruthe,2012-02-26 20:57:19 UTC,2012-02-26 20:57:19 UTC
136,Hyatt,Tod,2012-02-26 20:57:19 UTC,2012-02-26 20:57:19 UTC
137,Wunsch,Ettie,2012-02-26 20:57:20 UTC,2012-02-26 20:57:20 UTC
138,Schumm,Elias,2012-02-26 20:57:20 UTC,2012-02-26 20:57:20 UTC
139,Renner,Devon,2012-02-26 20:57:20 UTC,2012-02-26 20:57:20 UTC
140,Leffler,Kraig,2012-02-26 20:57:20 UTC,2012-02-26 20:57:20 UTC
141,Pouros,Eunice,2012-02-26 20:57:20 UTC,2012-02-26 20:57:20 UTC
142,Price,Guiseppe,2012-02-26 20:57:20 UTC,2012-02-26 20:57:20 UTC
143,Reynolds,Joanie,2012-02-26 20:57:20 UTC,2012-02-26 20:57:20 UTC
144,Koss,Annabelle,2012-02-26 20:57:21 UTC,2012-02-26 20:57:21 UTC
145,Willms,Rickey,2012-02-26 20:57:21 UTC,2012-02-26 20:57:21 UTC
146,Predovic,Neva,2012-02-26 20:57:21 UTC,2012-02-26 20:57:21 UTC
147,Russel,Mercedes,2012-02-26 20:57:21 UTC,2012-02-26 20:57:21 UTC
148,Abbott,Andreanne,2012-02-26 20:57:21 UTC,2012-02-26 20:57:21 UTC
149,Labadie,Winifred,2012-02-26 20:57:22 UTC,2012-02-26 20:57:22 UTC
150,Kautzer,Karlee,2012-02-26 20:57:22 UTC,2012-02-26 20:57:22 UTC
151,Little,Shea,2012-02-26 20:57:22 UTC,2012-02-26 20:57:22 UTC
152,Corwin,Kendrick,2012-02-26 20:57:22 UTC,2012-02-26 20:57:22 UTC
153,Kshlerin,Fermin,2012-02-26 20:57:22 UTC,2012-02-26 20:57:22 UTC
154,Zieme,Macy,2012-02-26 20:57:22 UTC,2012-02-26 20:57:22 UTC
155,Dare,Patricia,2012-02-26 20:57:22 UTC,2012-02-26 20:57:22 UTC
156,Wiza,Cesar,2012-02-26 20:57:23 UTC,2012-02-26 20:57:23 UTC
157,Leannon,Yessenia,2012-02-26 20:57:23 UTC,2012-02-26 20:57:23 UTC
158,Anderson,Omari,2012-02-26 20:57:23 UTC,2012-02-26 20:57:23 UTC
159,Thompson,Hilton,2012-02-26 20:57:23 UTC,2012-02-26 20:57:23 UTC
160,VonRueden,Celestino,2012-02-26 20:57:23 UTC,2012-02-26 20:57:23 UTC
161,Runolfsdottir,Vicente,2012-02-26 20:57:24 UTC,2012-02-26 20:57:24 UTC
162,Lindgren,Salvador,2012-02-26 20:57:24 UTC,2012-02-26 20:57:24 UTC
163,Greenholt,Rita,2012-02-26 20:57:24 UTC,2012-02-26 20:57:24 UTC
164,Osinski,Marcelina,2012-02-26 20:57:24 UTC,2012-02-26 20:57:24 UTC
165,Sanford,Vern,2012-02-26 20:57:24 UTC,2012-02-26 20:57:24 UTC
166,Wuckert,Meaghan,2012-02-26 20:57:24 UTC,2012-02-26 20:57:24 UTC
167,Konopelski,Della,2012-02-26 20:57:24 UTC,2012-02-26 20:57:24 UTC
168,Sipes,Daron,2012-02-26 20:57:25 UTC,2012-02-26 20:57:25 UTC
169,Gleason,Miller,2012-02-26 20:57:25 UTC,2012-02-26 20:57:25 UTC
170,Altenwerth,Kailee,2012-02-26 20:57:25 UTC,2012-02-26 20:57:25 UTC
171,Goldner,Harrison,2012-02-26 20:57:25 UTC,2012-02-26 20:57:25 UTC
172,Lockman,Maximilian,2012-02-26 20:57:26 UTC,2012-02-26 20:57:26 UTC
173,Jacobs,Esperanza,2012-02-26 20:57:26 UTC,2012-02-26 20:57:26 UTC
174,Schoen,Tianna,2012-02-26 20:57:26 UTC,2012-02-26 20:57:26 UTC
175,Shields,Antonia,2012-02-26 20:57:26 UTC,2012-02-26 20:57:26 UTC
176,Marquardt,Jordane,2012-02-26 20:57:26 UTC,2012-02-26 20:57:26 UTC
177,Goyette,Berry,2012-02-26 20:57:26 UTC,2012-02-26 20:57:26 UTC
178,Abshire,Sterling,2012-02-26 20:57:26 UTC,2012-02-26 20:57:26 UTC
179,Gibson,Jeromy,2012-02-26 20:57:26 UTC,2012-02-26 20:57:26 UTC
180,Lynch,Joy,2012-02-26 20:57:27 UTC,2012-02-26 20:57:27 UTC
181,Cole,Icie,2012-02-26 20:57:27 UTC,2012-02-26 20:57:27 UTC
182,O'Conner,Samantha,2012-02-26 20:57:27 UTC,2012-02-26 20:57:27 UTC
183,Bernier,Triston,2012-02-26 20:57:27 UTC,2012-02-26 20:57:27 UTC
184,Johnson,Spencer,2012-02-26 20:57:27 UTC,2012-02-26 20:57:27 UTC
185,Kilback,Gillian,2012-02-26 20:57:27 UTC,2012-02-26 20:57:27 UTC
186,Schimmel,Tressie,2012-02-26 20:57:27 UTC,2012-02-26 20:57:27 UTC
187,Hills,Merritt,2012-02-26 20:57:28 UTC,2012-02-26 20:57:28 UTC
188,Gislason,Loy,2012-02-26 20:57:28 UTC,2012-02-26 20:57:28 UTC
189,Gutmann,Dallin,2012-02-26 20:57:28 UTC,2012-02-26 20:57:28 UTC
190,Greenfelder,Braulio,2012-02-26 20:57:28 UTC,2012-02-26 20:57:28 UTC
191,Heidenreich,Gay,2012-02-26 20:57:28 UTC,2012-02-26 20:57:28 UTC
192,Flatley,Davin,2012-02-26 20:57:29 UTC,2012-02-26 20:57:29 UTC
193,Mayer,Alene,2012-02-26 20:57:29 UTC,2012-02-26 20:57:29 UTC
194,Altenwerth,Dylan,2012-02-26 20:57:29 UTC,2012-02-26 20:57:29 UTC
195,Nienow,Hilma,2012-02-26 20:57:29 UTC,2012-02-26 20:57:29 UTC
196,Klocko,Brent,2012-02-26 20:57:29 UTC,2012-02-26 20:57:29 UTC
197,MacGyver,Colin,2012-02-26 20:57:29 UTC,2012-02-26 20:57:29 UTC
198,Wintheiser,Einar,2012-02-26 20:57:30 UTC,2012-02-26 20:57:30 UTC
199,Yundt,Bryana,2012-02-26 20:57:30 UTC,2012-02-26 20:57:30 UTC
200,Lind,Antonio,2012-02-26 20:57:30 UTC,2012-02-26 20:57:30 UTC
201,Murazik,Alphonso,2012-02-26 20:57:30 UTC,2012-02-26 20:57:30 UTC
202,Donnelly,Bert,2012-02-26 20:57:30 UTC,2012-02-26 20:57:30 UTC
203,Beatty,Karli,2012-02-26 20:57:30 UTC,2012-02-26 20:57:30 UTC
204,Heller,Maci,2012-02-26 20:57:30 UTC,2012-02-26 20:57:30 UTC
205,Heaney,Cletus,2012-02-26 20:57:31 UTC,2012-02-26 20:57:31 UTC
206,Ondricka,Allie,2012-02-26 20:57:31 UTC,2012-02-26 20:57:31 UTC
207,Ankunding,Ronaldo,2012-02-26 20:57:31 UTC,2012-02-26 20:57:31 UTC
208,Konopelski,Amanda,2012-02-26 20:57:31 UTC,2012-02-26 20:57:31 UTC
209,Stoltenberg,Dawson,2012-02-26 20:57:31 UTC,2012-02-26 20:57:31 UTC
210,Ortiz,Alejandra,2012-02-26 20:57:31 UTC,2012-02-26 20:57:31 UTC
211,Rolfson,Lori,2012-02-26 20:57:32 UTC,2012-02-26 20:57:32 UTC
212,Breitenberg,Rubye,2012-02-26 20:57:32 UTC,2012-02-26 20:57:32 UTC
213,Goldner,Armani,2012-02-26 20:57:32 UTC,2012-02-26 20:57:32 UTC
214,Will,Karina,2012-02-26 20:57:32 UTC,2012-02-26 20:57:32 UTC
215,Sporer,Rae,2012-02-26 20:57:32 UTC,2012-02-26 20:57:32 UTC
216,Veum,Sven,2012-02-26 20:57:32 UTC,2012-02-26 20:57:32 UTC
217,Steuber,Novella,2012-02-26 20:57:33 UTC,2012-02-26 20:57:33 UTC
218,Christiansen,Maximillia,2012-02-26 20:57:33 UTC,2012-02-26 20:57:33 UTC
219,Terry,Koby,2012-02-26 20:57:33 UTC,2012-02-26 20:57:33 UTC
220,Stroman,Alexys,2012-02-26 20:57:33 UTC,2012-02-26 20:57:33 UTC
221,Connelly,Chet,2012-02-26 20:57:33 UTC,2012-02-26 20:57:33 UTC
222,Toy,Angus,2012-02-26 20:57:33 UTC,2012-02-26 20:57:33 UTC
223,Hintz,Ramona,2012-02-26 20:57:34 UTC,2012-02-26 20:57:34 UTC
224,Kunde,Tia,2012-02-26 20:57:34 UTC,2012-02-26 20:57:34 UTC
225,Feeney,Elody,2012-02-26 20:57:34 UTC,2012-02-26 20:57:34 UTC
226,Wilkinson,Deborah,2012-02-26 20:57:34 UTC,2012-02-26 20:57:34 UTC
227,Gibson,Larue,2012-02-26 20:57:34 UTC,2012-02-26 20:57:34 UTC
228,Hermann,Harold,2012-02-26 20:57:34 UTC,2012-02-26 20:57:34 UTC
229,Beer,Helene,2012-02-26 20:57:34 UTC,2012-02-26 20:57:34 UTC
230,Deckow,Jevon,2012-02-26 20:57:35 UTC,2012-02-26 20:57:35 UTC
231,Dicki,Cordelia,2012-02-26 20:57:35 UTC,2012-02-26 20:57:35 UTC
232,Heller,Herbert,2012-02-26 20:57:35 UTC,2012-02-26 20:57:35 UTC
233,McClure,Marty,2012-02-26 20:57:35 UTC,2012-02-26 20:57:35 UTC
234,Jakubowski,Holly,2012-02-26 20:57:36 UTC,2012-02-26 20:57:36 UTC
235,Nader,Jettie,2012-02-26 20:57:36 UTC,2012-02-26 20:57:36 UTC
236,Kerluke,Garrick,2012-02-26 20:57:36 UTC,2012-02-26 20:57:36 UTC
237,Hartmann,Iva,2012-02-26 20:57:36 UTC,2012-02-26 20:57:36 UTC
238,Boyer,Danielle,2012-02-26 20:57:36 UTC,2012-02-26 20:57:36 UTC
239,Halvorson,Sammy,2012-02-26 20:57:37 UTC,2012-02-26 20:57:37 UTC
240,O'Connell,Will,2012-02-26 20:57:37 UTC,2012-02-26 20:57:37 UTC
241,Cartwright,Zachery,2012-02-26 20:57:37 UTC,2012-02-26 20:57:37 UTC
242,Armstrong,Lorine,2012-02-26 20:57:37 UTC,2012-02-26 20:57:37 UTC
243,Dietrich,Mike,2012-02-26 20:57:38 UTC,2012-02-26 20:57:38 UTC
244,Upton,Roscoe,2012-02-26 20:57:38 UTC,2012-02-26 20:57:38 UTC
245,Marquardt,Saige,2012-02-26 20:57:38 UTC,2012-02-26 20:57:38 UTC
246,Grant,Caitlyn,2012-02-26 20:57:38 UTC,2012-02-26 20:57:38 UTC
247,Considine,Nicholas,2012-02-26 20:57:38 UTC,2012-02-26 20:57:38 UTC
248,Borer,Leif,2012-02-26 20:57:38 UTC,2012-02-26 20:57:38 UTC
249,Schumm,Juwan,2012-02-26 20:57:38 UTC,2012-02-26 20:57:38 UTC
250,Rowe,Brian,2012-02-26 20:57:38 UTC,2012-02-26 20:57:38 UTC
251,Carroll,Robyn,2012-02-26 20:57:39 UTC,2012-02-26 20:57:39 UTC
252,Collier,Delphia,2012-02-26 20:57:39 UTC,2012-02-26 20:57:39 UTC
253,Quitzon,Jerry,2012-02-26 20:57:39 UTC,2012-02-26 20:57:39 UTC
254,Schmidt,Abner,2012-02-26 20:57:39 UTC,2012-02-26 20:57:39 UTC
255,Trantow,Sigmund,2012-02-26 20:57:39 UTC,2012-02-26 20:57:39 UTC
256,Prosacco,Albin,2012-02-26 20:57:40 UTC,2012-02-26 20:57:40 UTC
257,Deckow,Mittie,2012-02-26 20:57:40 UTC,2012-02-26 20:57:40 UTC
258,Bayer,Reggie,2012-02-26 20:57:40 UTC,2012-02-26 20:57:40 UTC
259,Pfannerstill,Crawford,2012-02-26 20:57:40 UTC,2012-02-26 20:57:40 UTC
260,Bailey,Marilyne,2012-02-26 20:57:40 UTC,2012-02-26 20:57:40 UTC
261,Volkman,Amelie,2012-02-26 20:57:40 UTC,2012-02-26 20:57:40 UTC
262,Kling,Ernesto,2012-02-26 20:57:41 UTC,2012-02-26 20:57:41 UTC
263,Marquardt,Vivienne,2012-02-26 20:57:41 UTC,2012-02-26 20:57:41 UTC
264,Reynolds,Micah,2012-02-26 20:57:41 UTC,2012-02-26 20:57:41 UTC
265,Raynor,Doyle,2012-02-26 20:57:41 UTC,2012-02-26 20:57:41 UTC
266,Jewess,Cordia,2012-02-26 20:57:41 UTC,2012-02-26 20:57:41 UTC
267,Schulist,Nola,2012-02-26 20:57:41 UTC,2012-02-26 20:57:41 UTC
268,Cartwright,Milo,2012-02-26 20:57:41 UTC,2012-02-26 20:57:41 UTC
269,Murazik,Janae,2012-02-26 20:57:41 UTC,2012-02-26 20:57:41 UTC
270,Kessler,Sierra,2012-02-26 20:57:42 UTC,2012-02-26 20:57:42 UTC
271,Hoeger,Aurore,2012-02-26 20:57:42 UTC,2012-02-26 20:57:42 UTC
272,Dibbert,Tito,2012-02-26 20:57:42 UTC,2012-02-26 20:57:42 UTC
273,Wolf,Loraine,2012-02-26 20:57:42 UTC,2012-02-26 20:57:42 UTC
274,Abbott,Denis,2012-02-26 20:57:42 UTC,2012-02-26 20:57:42 UTC
275,Jenkins,Kenna,2012-02-26 20:57:43 UTC,2012-02-26 20:57:43 UTC
276,Kunze,Morgan,2012-02-26 20:57:43 UTC,2012-02-26 20:57:43 UTC
277,Lebsack,Ana,2012-02-26 20:57:43 UTC,2012-02-26 20:57:43 UTC
278,Mante,Violette,2012-02-26 20:57:43 UTC,2012-02-26 20:57:43 UTC
279,Witting,Jaylan,2012-02-26 20:57:43 UTC,2012-02-26 20:57:43 UTC
280,Kirlin,Tierra,2012-02-26 20:57:43 UTC,2012-02-26 20:57:43 UTC
281,Green,Carlos,2012-02-26 20:57:43 UTC,2012-02-26 20:57:43 UTC
282,Mayert,Spencer,2012-02-26 20:57:43 UTC,2012-02-26 20:57:43 UTC
283,Braun,Rylan,2012-02-26 20:57:43 UTC,2012-02-26 20:57:43 UTC
284,Hickle,Kelly,2012-02-26 20:57:43 UTC,2012-02-26 20:57:43 UTC
285,Mills,Reva,2012-02-26 20:57:44 UTC,2012-02-26 20:57:44 UTC
286,Runte,Janie,2012-02-26 20:57:44 UTC,2012-02-26 20:57:44 UTC
287,Christiansen,Tony,2012-02-26 20:57:44 UTC,2012-02-26 20:57:44 UTC
288,Beer,Alivia,2012-02-26 20:57:44 UTC,2012-02-26 20:57:44 UTC
289,Johnson,Shyann,2012-02-26 20:57:44 UTC,2012-02-26 20:57:44 UTC
290,Lockman,Jaden,2012-02-26 20:57:44 UTC,2012-02-26 20:57:44 UTC
291,Mante,Elza,2012-02-26 20:57:44 UTC,2012-02-26 20:57:44 UTC
292,Lindgren,Woodrow,2012-02-26 20:57:44 UTC,2012-02-26 20:57:44 UTC
293,Hayes,Aliya,2012-02-26 20:57:45 UTC,2012-02-26 20:57:45 UTC
294,Baumbach,Glennie,2012-02-26 20:57:45 UTC,2012-02-26 20:57:45 UTC
295,Zieme,Devon,2012-02-26 20:57:45 UTC,2012-02-26 20:57:45 UTC
296,Lind,Mylene,2012-02-26 20:57:45 UTC,2012-02-26 20:57:45 UTC
297,Prohaska,Aniya,2012-02-26 20:57:46 UTC,2012-02-26 20:57:46 UTC
298,Stiedemann,Adrienne,2012-02-26 20:57:46 UTC,2012-02-26 20:57:46 UTC
299,O'Kon,Quincy,2012-02-26 20:57:46 UTC,2012-02-26 20:57:46 UTC
300,Steuber,Delbert,2012-02-26 20:57:46 UTC,2012-02-26 20:57:46 UTC
301,Stamm,Jettie,2012-02-26 20:57:47 UTC,2012-02-26 20:57:47 UTC
302,Hudson,Jerrell,2012-02-26 20:57:47 UTC,2012-02-26 20:57:47 UTC
303,Kessler,Arno,2012-02-26 20:57:47 UTC,2012-02-26 20:57:47 UTC
304,Daniel,Bernice,2012-02-26 20:57:47 UTC,2012-02-26 20:57:47 UTC
305,Moen,Vergie,2012-02-26 20:57:47 UTC,2012-02-26 20:57:47 UTC
306,Price,Buford,2012-02-26 20:57:47 UTC,2012-02-26 20:57:47 UTC
307,Fisher,Deondre,2012-02-26 20:57:47 UTC,2012-02-26 20:57:47 UTC
308,Terry,Alberto,2012-02-26 20:57:48 UTC,2012-02-26 20:57:48 UTC
309,Block,Jayne,2012-02-26 20:57:48 UTC,2012-02-26 20:57:48 UTC
310,Skiles,Shanie,2012-02-26 20:57:48 UTC,2012-02-26 20:57:48 UTC
311,Kuhic,Mabelle,2012-02-26 20:57:48 UTC,2012-02-26 20:57:48 UTC
312,Kuhlman,Una,2012-02-26 20:57:48 UTC,2012-02-26 20:57:48 UTC
313,Hoeger,Alfredo,2012-02-26 20:57:48 UTC,2012-02-26 20:57:48 UTC
314,Hermann,Reba,2012-02-26 20:57:48 UTC,2012-02-26 20:57:48 UTC
315,Botsford,Nathanael,2012-02-26 20:57:48 UTC,2012-02-26 20:57:48 UTC
316,Denesik,Viva,2012-02-26 20:57:49 UTC,2012-02-26 20:57:49 UTC
317,Quigley,Darrick,2012-02-26 20:57:49 UTC,2012-02-26 20:57:49 UTC
318,Miller,Clemmie,2012-02-26 20:57:49 UTC,2012-02-26 20:57:49 UTC
319,Zieme,Eladio,2012-02-26 20:57:49 UTC,2012-02-26 20:57:49 UTC
320,Schoen,Orpha,2012-02-26 20:57:49 UTC,2012-02-26 20:57:49 UTC
321,Trantow,Demario,2012-02-26 20:57:50 UTC,2012-02-26 20:57:50 UTC
322,Cruickshank,Monroe,2012-02-26 20:57:50 UTC,2012-02-26 20:57:50 UTC
323,Pollich,Keanu,2012-02-26 20:57:50 UTC,2012-02-26 20:57:50 UTC
324,Rosenbaum,Gwendolyn,2012-02-26 20:57:50 UTC,2012-02-26 20:57:50 UTC
325,Sawayn,Mittie,2012-02-26 20:57:50 UTC,2012-02-26 20:57:50 UTC
326,Abshire,Gerson,2012-02-26 20:57:51 UTC,2012-02-26 20:57:51 UTC
327,Waelchi,Steve,2012-02-26 20:57:51 UTC,2012-02-26 20:57:51 UTC
328,Beier,Tyra,2012-02-26 20:57:51 UTC,2012-02-26 20:57:51 UTC
329,Mitchell,Ethel,2012-02-26 20:57:51 UTC,2012-02-26 20:57:51 UTC
330,Little,Leanna,2012-02-26 20:57:51 UTC,2012-02-26 20:57:51 UTC
331,Hand,Donnell,2012-02-26 20:57:51 UTC,2012-02-26 20:57:51 UTC
332,Tremblay,Candelario,2012-02-26 20:57:51 UTC,2012-02-26 20:57:51 UTC
333,O'Connell,Shanna,2012-02-26 20:57:51 UTC,2012-02-26 20:57:51 UTC
334,Corwin,Richie,2012-02-26 20:57:51 UTC,2012-02-26 20:57:51 UTC
335,Tremblay,Alison,2012-02-26 20:57:52 UTC,2012-02-26 20:57:52 UTC
336,Reilly,Elenor,2012-02-26 20:57:52 UTC,2012-02-26 20:57:52 UTC
337,Lakin,Napoleon,2012-02-26 20:57:52 UTC,2012-02-26 20:57:52 UTC
338,Erdman,Colton,2012-02-26 20:57:52 UTC,2012-02-26 20:57:52 UTC
339,Murazik,Osborne,2012-02-26 20:57:52 UTC,2012-02-26 20:57:52 UTC
340,Heidenreich,Rory,2012-02-26 20:57:52 UTC,2012-02-26 20:57:52 UTC
341,Hudson,Quinn,2012-02-26 20:57:53 UTC,2012-02-26 20:57:53 UTC
342,Ledner,Bryana,2012-02-26 20:57:53 UTC,2012-02-26 20:57:53 UTC
343,Rohan,Jace,2012-02-26 20:57:53 UTC,2012-02-26 20:57:53 UTC
344,Bosco,Christopher,2012-02-26 20:57:53 UTC,2012-02-26 20:57:53 UTC
345,Smitham,Garth,2012-02-26 20:57:53 UTC,2012-02-26 20:57:53 UTC
346,Kunde,Rey,2012-02-26 20:57:54 UTC,2012-02-26 20:57:54 UTC
347,Kerluke,Elisha,2012-02-26 20:57:54 UTC,2012-02-26 20:57:54 UTC
348,Spencer,Vance,2012-02-26 20:57:54 UTC,2012-02-26 20:57:54 UTC
349,Lakin,Elliott,2012-02-26 20:57:54 UTC,2012-02-26 20:57:54 UTC
350,Harris,Hayden,2012-02-26 20:57:54 UTC,2012-02-26 20:57:54 UTC
351,O'Keefe,Tanner,2012-02-26 20:57:54 UTC,2012-02-26 20:57:54 UTC
352,Sawayn,Jamarcus,2012-02-26 20:57:55 UTC,2012-02-26 20:57:55 UTC
353,Prosacco,Norbert,2012-02-26 20:57:55 UTC,2012-02-26 20:57:55 UTC
354,Stamm,Ava,2012-02-26 20:57:55 UTC,2012-02-26 20:57:55 UTC
355,Hilpert,Wilton,2012-02-26 20:57:55 UTC,2012-02-26 20:57:55 UTC
356,Gusikowski,Gloria,2012-02-26 20:57:55 UTC,2012-02-26 20:57:55 UTC
357,Turner,Kaden,2012-02-26 20:57:55 UTC,2012-02-26 20:57:55 UTC
358,Luettgen,Pascale,2012-02-26 20:57:55 UTC,2012-02-26 20:57:55 UTC
359,Mayert,Flavio,2012-02-26 20:57:55 UTC,2012-02-26 20:57:55 UTC
360,Witting,Frederic,2012-02-26 20:57:55 UTC,2012-02-26 20:57:55 UTC
361,Olson,Merle,2012-02-26 20:57:56 UTC,2012-02-26 20:57:56 UTC
362,Davis,Shawn,2012-02-26 20:57:56 UTC,2012-02-26 20:57:56 UTC
363,Quitzon,Myron,2012-02-26 20:57:56 UTC,2012-02-26 20:57:56 UTC
364,Breitenberg,Raymond,2012-02-26 20:57:56 UTC,2012-02-26 20:57:56 UTC
365,Abbott,Saige,2012-02-26 20:57:56 UTC,2012-02-26 20:57:56 UTC
366,Gorczany,Geoffrey,2012-02-26 20:57:57 UTC,2012-02-26 20:57:57 UTC
367,Lynch,Roberta,2012-02-26 20:57:57 UTC,2012-02-26 20:57:57 UTC
368,Schroeder,Iva,2012-02-26 20:57:57 UTC,2012-02-26 20:57:57 UTC
369,Hermiston,Macy,2012-02-26 20:57:57 UTC,2012-02-26 20:57:57 UTC
370,Armstrong,Roberto,2012-02-26 20:57:57 UTC,2012-02-26 20:57:57 UTC
371,Treutel,Agustin,2012-02-26 20:57:58 UTC,2012-02-26 20:57:58 UTC
372,Hodkiewicz,Juston,2012-02-26 20:57:58 UTC,2012-02-26 20:57:58 UTC
373,Dickens,Jayden,2012-02-26 20:57:58 UTC,2012-02-26 20:57:58 UTC
374,Koss,Lavada,2012-02-26 20:57:58 UTC,2012-02-26 20:57:58 UTC
375,DuBuque,Birdie,2012-02-26 20:57:58 UTC,2012-02-26 20:57:58 UTC
376,Cole,Hildegard,2012-02-26 20:57:59 UTC,2012-02-26 20:57:59 UTC
377,Hoeger,Winnifred,2012-02-26 20:57:59 UTC,2012-02-26 20:57:59 UTC
378,Brown,Dane,2012-02-26 20:57:59 UTC,2012-02-26 20:57:59 UTC
379,Kemmer,Bernita,2012-02-26 20:57:59 UTC,2012-02-26 20:57:59 UTC
380,McCullough,Piper,2012-02-26 20:57:59 UTC,2012-02-26 20:57:59 UTC
381,Schmidt,Gregoria,2012-02-26 20:58:00 UTC,2012-02-26 20:58:00 UTC
382,Wintheiser,Stefan,2012-02-26 20:58:00 UTC,2012-02-26 20:58:00 UTC
383,Pacocha,Malvina,2012-02-26 20:58:00 UTC,2012-02-26 20:58:00 UTC
384,Beer,Scarlett,2012-02-26 20:58:00 UTC,2012-02-26 20:58:00 UTC
385,Paucek,Maximo,2012-02-26 20:58:00 UTC,2012-02-26 20:58:00 UTC
386,Kohler,Leslie,2012-02-26 20:58:00 UTC,2012-02-26 20:58:00 UTC
387,Flatley,Cynthia,2012-02-26 20:58:01 UTC,2012-02-26 20:58:01 UTC
388,Daniel,Genevieve,2012-02-26 20:58:01 UTC,2012-02-26 20:58:01 UTC
389,Dooley,Leila,2012-02-26 20:58:01 UTC,2012-02-26 20:58:01 UTC
390,Beier,Savion,2012-02-26 20:58:01 UTC,2012-02-26 20:58:01 UTC
391,Yundt,Elisa,2012-02-26 20:58:01 UTC,2012-02-26 20:58:01 UTC
392,Stiedemann,Salma,2012-02-26 20:58:01 UTC,2012-02-26 20:58:01 UTC
393,Pagac,Bianka,2012-02-26 20:58:01 UTC,2012-02-26 20:58:01 UTC
394,Nolan,Lolita,2012-02-26 20:58:01 UTC,2012-02-26 20:58:01 UTC
395,Jakubowski,Yadira,2012-02-26 20:58:01 UTC,2012-02-26 20:58:01 UTC
396,Erdman,Domenico,2012-02-26 20:58:02 UTC,2012-02-26 20:58:02 UTC
397,Balistreri,Telly,2012-02-26 20:58:02 UTC,2012-02-26 20:58:02 UTC
398,Roob,Audreanne,2012-02-26 20:58:02 UTC,2012-02-26 20:58:02 UTC
399,Prohaska,Dixie,2012-02-26 20:58:02 UTC,2012-02-26 20:58:02 UTC
400,Halvorson,Lonny,2012-02-26 20:58:02 UTC,2012-02-26 20:58:02 UTC
401,Quitzon,Aliyah,2012-02-26 20:58:02 UTC,2012-02-26 20:58:02 UTC
402,Fay,Eldora,2012-02-26 20:58:02 UTC,2012-02-26 20:58:02 UTC
403,Greenfelder,Sebastian,2012-02-26 20:58:03 UTC,2012-02-26 20:58:03 UTC
404,Gorczany,Fay,2012-02-26 20:58:03 UTC,2012-02-26 20:58:03 UTC
405,Johnson,Rylan,2012-02-26 20:58:03 UTC,2012-02-26 20:58:03 UTC
406,Langosh,Pascale,2012-02-26 20:58:03 UTC,2012-02-26 20:58:03 UTC
407,Sipes,Antonina,2012-02-26 20:58:03 UTC,2012-02-26 20:58:03 UTC
408,Gibson,Denis,2012-02-26 20:58:03 UTC,2012-02-26 20:58:03 UTC
409,Schumm,Sigrid,2012-02-26 20:58:04 UTC,2012-02-26 20:58:04 UTC
410,Feeney,Marquise,2012-02-26 20:58:04 UTC,2012-02-26 20:58:04 UTC
411,Turcotte,Shany,2012-02-26 20:58:04 UTC,2012-02-26 20:58:04 UTC
412,Abernathy,Norene,2012-02-26 20:58:04 UTC,2012-02-26 20:58:04 UTC
413,Rodriguez,Kory,2012-02-26 20:58:04 UTC,2012-02-26 20:58:04 UTC
414,Lemke,Ernestine,2012-02-26 20:58:04 UTC,2012-02-26 20:58:04 UTC
415,Predovic,Golda,2012-02-26 20:58:05 UTC,2012-02-26 20:58:05 UTC
416,Lehner,Edgardo,2012-02-26 20:58:05 UTC,2012-02-26 20:58:05 UTC
417,Reichel,Lola,2012-02-26 20:58:05 UTC,2012-02-26 20:58:05 UTC
418,Nikolaus,Jeremie,2012-02-26 20:58:05 UTC,2012-02-26 20:58:05 UTC
419,Heidenreich,Carissa,2012-02-26 20:58:05 UTC,2012-02-26 20:58:05 UTC
420,Farrell,Rosalee,2012-02-26 20:58:05 UTC,2012-02-26 20:58:05 UTC
421,Leffler,Orland,2012-02-26 20:58:06 UTC,2012-02-26 20:58:06 UTC
422,Lehner,Verda,2012-02-26 20:58:06 UTC,2012-02-26 20:58:06 UTC
423,Deckow,Ava,2012-02-26 20:58:06 UTC,2012-02-26 20:58:06 UTC
424,Davis,Annetta,2012-02-26 20:58:06 UTC,2012-02-26 20:58:06 UTC
425,Bailey,Nayeli,2012-02-26 20:58:06 UTC,2012-02-26 20:58:06 UTC
426,Conn,Abagail,2012-02-26 20:58:06 UTC,2012-02-26 20:58:06 UTC
427,Gleichner,Marianna,2012-02-26 20:58:07 UTC,2012-02-26 20:58:07 UTC
428,Orn,Mortimer,2012-02-26 20:58:07 UTC,2012-02-26 20:58:07 UTC
429,Macejkovic,Peyton,2012-02-26 20:58:07 UTC,2012-02-26 20:58:07 UTC
430,Howe,Ezequiel,2012-02-26 20:58:07 UTC,2012-02-26 20:58:07 UTC
431,Schroeder,Nicholas,2012-02-26 20:58:07 UTC,2012-02-26 20:58:07 UTC
432,Wiegand,Susanna,2012-02-26 20:58:07 UTC,2012-02-26 20:58:07 UTC
433,Hermiston,Adella,2012-02-26 20:58:08 UTC,2012-02-26 20:58:08 UTC
434,Bechtelar,Dorthy,2012-02-26 20:58:08 UTC,2012-02-26 20:58:08 UTC
435,Rosenbaum,Stephany,2012-02-26 20:58:08 UTC,2012-02-26 20:58:08 UTC
436,Wiegand,Dulce,2012-02-26 20:58:08 UTC,2012-02-26 20:58:08 UTC
437,Abernathy,Taylor,2012-02-26 20:58:08 UTC,2012-02-26 20:58:08 UTC
438,Gutmann,Charlotte,2012-02-26 20:58:08 UTC,2012-02-26 20:58:08 UTC
439,Jacobi,Candida,2012-02-26 20:58:08 UTC,2012-02-26 20:58:08 UTC
440,Senger,Kianna,2012-02-26 20:58:08 UTC,2012-02-26 20:58:08 UTC
441,Braun,Sharon,2012-02-26 20:58:08 UTC,2012-02-26 20:58:08 UTC
442,Gottlieb,Dave,2012-02-26 20:58:09 UTC,2012-02-26 20:58:09 UTC
443,Dach,Rhiannon,2012-02-26 20:58:09 UTC,2012-02-26 20:58:09 UTC
444,Wilkinson,Dayna,2012-02-26 20:58:09 UTC,2012-02-26 20:58:09 UTC
445,Walker,Eddie,2012-02-26 20:58:09 UTC,2012-02-26 20:58:09 UTC
446,Beier,Jefferey,2012-02-26 20:58:09 UTC,2012-02-26 20:58:09 UTC
447,Murphy,Ozella,2012-02-26 20:58:09 UTC,2012-02-26 20:58:09 UTC
448,Jewess,Mercedes,2012-02-26 20:58:09 UTC,2012-02-26 20:58:09 UTC
449,Schowalter,Nona,2012-02-26 20:58:10 UTC,2012-02-26 20:58:10 UTC
450,Heidenreich,Edythe,2012-02-26 20:58:10 UTC,2012-02-26 20:58:10 UTC
451,Goyette,Rylee,2012-02-26 20:58:10 UTC,2012-02-26 20:58:10 UTC
452,Predovic,Gretchen,2012-02-26 20:58:10 UTC,2012-02-26 20:58:10 UTC
453,Kassulke,Crawford,2012-02-26 20:58:10 UTC,2012-02-26 20:58:10 UTC
454,Romaguera,Adrain,2012-02-26 20:58:11 UTC,2012-02-26 20:58:11 UTC
455,Veum,Brianne,2012-02-26 20:58:11 UTC,2012-02-26 20:58:11 UTC
456,Robel,Bulah,2012-02-26 20:58:11 UTC,2012-02-26 20:58:11 UTC
457,Kassulke,Berenice,2012-02-26 20:58:11 UTC,2012-02-26 20:58:11 UTC
458,Douglas,Leif,2012-02-26 20:58:12 UTC,2012-02-26 20:58:12 UTC
459,Hermiston,Rosa,2012-02-26 20:58:12 UTC,2012-02-26 20:58:12 UTC
460,Hyatt,Norma,2012-02-26 20:58:12 UTC,2012-02-26 20:58:12 UTC
461,Champlin,Johnson,2012-02-26 20:58:12 UTC,2012-02-26 20:58:12 UTC
462,Kuhic,Dion,2012-02-26 20:58:12 UTC,2012-02-26 20:58:12 UTC
463,King,Lizzie,2012-02-26 20:58:12 UTC,2012-02-26 20:58:12 UTC
464,O'Connell,Bartholome,2012-02-26 20:58:12 UTC,2012-02-26 20:58:12 UTC
465,Runte,Lucas,2012-02-26 20:58:12 UTC,2012-02-26 20:58:12 UTC
466,Crona,Wilfrid,2012-02-26 20:58:12 UTC,2012-02-26 20:58:12 UTC
467,Hayes,Charles,2012-02-26 20:58:13 UTC,2012-02-26 20:58:13 UTC
468,Hauck,Warren,2012-02-26 20:58:13 UTC,2012-02-26 20:58:13 UTC
469,Kovacek,Angie,2012-02-26 20:58:13 UTC,2012-02-26 20:58:13 UTC
470,Cummerata,Annette,2012-02-26 20:58:13 UTC,2012-02-26 20:58:13 UTC
471,Gislason,Nannie,2012-02-26 20:58:13 UTC,2012-02-26 20:58:13 UTC
472,Swaniawski,Meggie,2012-02-26 20:58:13 UTC,2012-02-26 20:58:13 UTC
473,Lynch,Ariane,2012-02-26 20:58:14 UTC,2012-02-26 20:58:14 UTC
474,Gaylord,Hannah,2012-02-26 20:58:14 UTC,2012-02-26 20:58:14 UTC
475,Kling,Skylar,2012-02-26 20:58:14 UTC,2012-02-26 20:58:14 UTC
476,Fahey,Larry,2012-02-26 20:58:14 UTC,2012-02-26 20:58:14 UTC
477,Larson,Maxie,2012-02-26 20:58:15 UTC,2012-02-26 20:58:15 UTC
478,Schinner,Patrick,2012-02-26 20:58:15 UTC,2012-02-26 20:58:15 UTC
479,Lockman,Sigrid,2012-02-26 20:58:15 UTC,2012-02-26 20:58:15 UTC
480,Johnson,Hayley,2012-02-26 20:58:15 UTC,2012-02-26 20:58:15 UTC
481,Kozey,Gerhard,2012-02-26 20:58:15 UTC,2012-02-26 20:58:15 UTC
482,Boyer,Jenifer,2012-02-26 20:58:15 UTC,2012-02-26 20:58:15 UTC
483,Durgan,Gudrun,2012-02-26 20:58:16 UTC,2012-02-26 20:58:16 UTC
484,Purdy,Rebeka,2012-02-26 20:58:16 UTC,2012-02-26 20:58:16 UTC
485,Koss,Dianna,2012-02-26 20:58:16 UTC,2012-02-26 20:58:16 UTC
486,Goldner,Regan,2012-02-26 20:58:16 UTC,2012-02-26 20:58:16 UTC
487,Gibson,Ted,2012-02-26 20:58:16 UTC,2012-02-26 20:58:16 UTC
488,Collins,Elwyn,2012-02-26 20:58:16 UTC,2012-02-26 20:58:16 UTC
489,Jacobs,Genoveva,2012-02-26 20:58:16 UTC,2012-02-26 20:58:16 UTC
490,Stoltenberg,Jonas,2012-02-26 20:58:16 UTC,2012-02-26 20:58:16 UTC
491,Fadel,Garrett,2012-02-26 20:58:17 UTC,2012-02-26 20:58:17 UTC
492,Corkery,Ahmed,2012-02-26 20:58:17 UTC,2012-02-26 20:58:17 UTC
493,Heller,Abigayle,2012-02-26 20:58:17 UTC,2012-02-26 20:58:17 UTC
494,Ryan,Celia,2012-02-26 20:58:17 UTC,2012-02-26 20:58:17 UTC
495,Hoeger,Warren,2012-02-26 20:58:17 UTC,2012-02-26 20:58:17 UTC
496,Larson,Cullen,2012-02-26 20:58:17 UTC,2012-02-26 20:58:17 UTC
497,Altenwerth,Therese,2012-02-26 20:58:17 UTC,2012-02-26 20:58:17 UTC
498,Funk,Javonte,2012-02-26 20:58:18 UTC,2012-02-26 20:58:18 UTC
499,Pouros,Trent,2012-02-26 20:58:18 UTC,2012-02-26 20:58:18 UTC
500,Schamberger,Newell,2012-02-26 20:58:18 UTC,2012-02-26 20:58:18 UTC
501,Lemke,Marianna,2012-02-26 20:58:18 UTC,2012-02-26 20:58:18 UTC
502,Swaniawski,Keeley,2012-02-26 20:58:18 UTC,2012-02-26 20:58:18 UTC
503,Walter,Curtis,2012-02-26 20:58:18 UTC,2012-02-26 20:58:18 UTC
504,Hodkiewicz,Rosemarie,2012-02-26 20:58:18 UTC,2012-02-26 20:58:18 UTC
505,Rempel,Seth,2012-02-26 20:58:19 UTC,2012-02-26 20:58:19 UTC
506,Cronin,Fernando,2012-02-26 20:58:19 UTC,2012-02-26 20:58:19 UTC
507,Hammes,Selina,2012-02-26 20:58:19 UTC,2012-02-26 20:58:19 UTC
508,Mante,Bobbie,2012-02-26 20:58:19 UTC,2012-02-26 20:58:19 UTC
509,Wisozk,Fern,2012-02-26 20:58:19 UTC,2012-02-26 20:58:19 UTC
510,Lemke,Kiana,2012-02-26 20:58:19 UTC,2012-02-26 20:58:19 UTC
511,Corkery,Ellie,2012-02-26 20:58:19 UTC,2012-02-26 20:58:19 UTC
512,Hamill,Alba,2012-02-26 20:58:19 UTC,2012-02-26 20:58:19 UTC
513,Maggio,Annamarie,2012-02-26 20:58:20 UTC,2012-02-26 20:58:20 UTC
514,Williamson,Paula,2012-02-26 20:58:20 UTC,2012-02-26 20:58:20 UTC
515,Medhurst,Samson,2012-02-26 20:58:20 UTC,2012-02-26 20:58:20 UTC
516,Pfeffer,Leanne,2012-02-26 20:58:20 UTC,2012-02-26 20:58:20 UTC
517,Breitenberg,Eli,2012-02-26 20:58:20 UTC,2012-02-26 20:58:20 UTC
518,Witting,Ashlee,2012-02-26 20:58:21 UTC,2012-02-26 20:58:21 UTC
519,Rice,Bryce,2012-02-26 20:58:21 UTC,2012-02-26 20:58:21 UTC
520,Lebsack,Adolph,2012-02-26 20:58:21 UTC,2012-02-26 20:58:21 UTC
521,Smitham,Leora,2012-02-26 20:58:21 UTC,2012-02-26 20:58:21 UTC
522,Windler,Nicolas,2012-02-26 20:58:21 UTC,2012-02-26 20:58:21 UTC
523,Harris,Carrie,2012-02-26 20:58:21 UTC,2012-02-26 20:58:21 UTC
524,Nader,Sydni,2012-02-26 20:58:21 UTC,2012-02-26 20:58:21 UTC
525,Donnelly,Palma,2012-02-26 20:58:21 UTC,2012-02-26 20:58:21 UTC
526,Rath,Jovan,2012-02-26 20:58:22 UTC,2012-02-26 20:58:22 UTC
527,Pfannerstill,Hettie,2012-02-26 20:58:22 UTC,2012-02-26 20:58:22 UTC
528,Roberts,Francis,2012-02-26 20:58:22 UTC,2012-02-26 20:58:22 UTC
529,Ward,Wilson,2012-02-26 20:58:23 UTC,2012-02-26 20:58:23 UTC
530,Gutkowski,Sincere,2012-02-26 20:58:23 UTC,2012-02-26 20:58:23 UTC
531,Stoltenberg,Ola,2012-02-26 20:58:23 UTC,2012-02-26 20:58:23 UTC
532,Bogisich,Rocky,2012-02-26 20:58:23 UTC,2012-02-26 20:58:23 UTC
533,Reinger,Ana,2012-02-26 20:58:23 UTC,2012-02-26 20:58:23 UTC
534,Kihn,Jalyn,2012-02-26 20:58:23 UTC,2012-02-26 20:58:23 UTC
535,Hayes,Jonathan,2012-02-26 20:58:23 UTC,2012-02-26 20:58:23 UTC
536,Becker,Javonte,2012-02-26 20:58:23 UTC,2012-02-26 20:58:23 UTC
537,Morissette,Zechariah,2012-02-26 20:58:24 UTC,2012-02-26 20:58:24 UTC
538,Boyle,Newton,2012-02-26 20:58:24 UTC,2012-02-26 20:58:24 UTC
539,Kovacek,Heloise,2012-02-26 20:58:24 UTC,2012-02-26 20:58:24 UTC
540,Grady,Shania,2012-02-26 20:58:24 UTC,2012-02-26 20:58:24 UTC
541,Mosciski,Olaf,2012-02-26 20:58:24 UTC,2012-02-26 20:58:24 UTC
542,Thiel,Else,2012-02-26 20:58:24 UTC,2012-02-26 20:58:24 UTC
543,Runolfsson,Willie,2012-02-26 20:58:25 UTC,2012-02-26 20:58:25 UTC
544,Brakus,Myrtice,2012-02-26 20:58:25 UTC,2012-02-26 20:58:25 UTC
545,Halvorson,Genevieve,2012-02-26 20:58:25 UTC,2012-02-26 20:58:25 UTC
546,Torp,Lessie,2012-02-26 20:58:25 UTC,2012-02-26 20:58:25 UTC
547,Casper,Monique,2012-02-26 20:58:25 UTC,2012-02-26 20:58:25 UTC
548,Gerlach,Wade,2012-02-26 20:58:26 UTC,2012-02-26 20:58:26 UTC
549,Sauer,Tiana,2012-02-26 20:58:26 UTC,2012-02-26 20:58:26 UTC
550,Heller,Monica,2012-02-26 20:58:26 UTC,2012-02-26 20:58:26 UTC
551,Hoeger,Colt,2012-02-26 20:58:26 UTC,2012-02-26 20:58:26 UTC
552,Marvin,Alek,2012-02-26 20:58:26 UTC,2012-02-26 20:58:26 UTC
553,Satterfield,Titus,2012-02-26 20:58:26 UTC,2012-02-26 20:58:26 UTC
554,Blick,Zachariah,2012-02-26 20:58:27 UTC,2012-02-26 20:58:27 UTC
555,Cartwright,Magdalen,2012-02-26 20:58:27 UTC,2012-02-26 20:58:27 UTC
556,Grant,Terence,2012-02-26 20:58:27 UTC,2012-02-26 20:58:27 UTC
557,Funk,Ray,2012-02-26 20:58:27 UTC,2012-02-26 20:58:27 UTC
558,Kertzmann,Max,2012-02-26 20:58:27 UTC,2012-02-26 20:58:27 UTC
559,Franecki,Ethelyn,2012-02-26 20:58:27 UTC,2012-02-26 20:58:27 UTC
560,Erdman,Loyal,2012-02-26 20:58:28 UTC,2012-02-26 20:58:28 UTC
561,Rice,Jolie,2012-02-26 20:58:28 UTC,2012-02-26 20:58:28 UTC
562,Lakin,Beverly,2012-02-26 20:58:28 UTC,2012-02-26 20:58:28 UTC
563,Boyer,Orlando,2012-02-26 20:58:28 UTC,2012-02-26 20:58:28 UTC
564,Bayer,Alexandro,2012-02-26 20:58:28 UTC,2012-02-26 20:58:28 UTC
565,Barton,Nicolas,2012-02-26 20:58:28 UTC,2012-02-26 20:58:28 UTC
566,Kuphal,Cynthia,2012-02-26 20:58:28 UTC,2012-02-26 20:58:28 UTC
567,O'Connell,Elza,2012-02-26 20:58:29 UTC,2012-02-26 20:58:29 UTC
568,Mertz,Iva,2012-02-26 20:58:29 UTC,2012-02-26 20:58:29 UTC
569,Schuster,Elena,2012-02-26 20:58:29 UTC,2012-02-26 20:58:29 UTC
570,Hartmann,Ryleigh,2012-02-26 20:58:29 UTC,2012-02-26 20:58:29 UTC
571,Turner,Grayson,2012-02-26 20:58:29 UTC,2012-02-26 20:58:29 UTC
572,Roberts,Austyn,2012-02-26 20:58:29 UTC,2012-02-26 20:58:29 UTC
573,Dach,Kimberly,2012-02-26 20:58:30 UTC,2012-02-26 20:58:30 UTC
574,Schaefer,Dedric,2012-02-26 20:58:30 UTC,2012-02-26 20:58:30 UTC
575,O'Kon,Elton,2012-02-26 20:58:30 UTC,2012-02-26 20:58:30 UTC
576,Wyman,Emelia,2012-02-26 20:58:30 UTC,2012-02-26 20:58:30 UTC
577,Shields,Ladarius,2012-02-26 20:58:31 UTC,2012-02-26 20:58:31 UTC
578,Schulist,Kristina,2012-02-26 20:58:31 UTC,2012-02-26 20:58:31 UTC
579,Boyer,Jennifer,2012-02-26 20:58:31 UTC,2012-02-26 20:58:31 UTC
580,Thiel,Kenneth,2012-02-26 20:58:31 UTC,2012-02-26 20:58:31 UTC
581,Osinski,Kelsi,2012-02-26 20:58:31 UTC,2012-02-26 20:58:31 UTC
582,O'Kon,Walker,2012-02-26 20:58:32 UTC,2012-02-26 20:58:32 UTC
583,Murphy,Lisa,2012-02-26 20:58:32 UTC,2012-02-26 20:58:32 UTC
584,Durgan,Beulah,2012-02-26 20:58:32 UTC,2012-02-26 20:58:32 UTC
585,Hamill,Rubie,2012-02-26 20:58:32 UTC,2012-02-26 20:58:32 UTC
586,Reilly,Liliane,2012-02-26 20:58:32 UTC,2012-02-26 20:58:32 UTC
587,DuBuque,Verona,2012-02-26 20:58:33 UTC,2012-02-26 20:58:33 UTC
588,Hettinger,Dimitri,2012-02-26 20:58:33 UTC,2012-02-26 20:58:33 UTC
589,Baumbach,Fanny,2012-02-26 20:58:33 UTC,2012-02-26 20:58:33 UTC
590,Stracke,Lewis,2012-02-26 20:58:33 UTC,2012-02-26 20:58:33 UTC
591,Hansen,Kayden,2012-02-26 20:58:33 UTC,2012-02-26 20:58:33 UTC
592,Prohaska,Rosanna,2012-02-26 20:58:33 UTC,2012-02-26 20:58:33 UTC
593,Kessler,Casey,2012-02-26 20:58:34 UTC,2012-02-26 20:58:34 UTC
594,Schneider,Giles,2012-02-26 20:58:34 UTC,2012-02-26 20:58:34 UTC
595,O'Kon,Fausto,2012-02-26 20:58:34 UTC,2012-02-26 20:58:34 UTC
596,Kessler,Ramona,2012-02-26 20:58:34 UTC,2012-02-26 20:58:34 UTC
597,Sanford,Prudence,2012-02-26 20:58:35 UTC,2012-02-26 20:58:35 UTC
598,Raynor,Garnet,2012-02-26 20:58:35 UTC,2012-02-26 20:58:35 UTC
599,Orn,Crawford,2012-02-26 20:58:35 UTC,2012-02-26 20:58:35 UTC
600,Murray,Kane,2012-02-26 20:58:35 UTC,2012-02-26 20:58:35 UTC
601,Ankunding,Wendell,2012-02-26 20:58:36 UTC,2012-02-26 20:58:36 UTC
602,Ebert,Fred,2012-02-26 20:58:36 UTC,2012-02-26 20:58:36 UTC
603,Langworth,Brisa,2012-02-26 20:58:36 UTC,2012-02-26 20:58:36 UTC
604,Heidenreich,Chelsie,2012-02-26 20:58:36 UTC,2012-02-26 20:58:36 UTC
605,Becker,Kailyn,2012-02-26 20:58:36 UTC,2012-02-26 20:58:36 UTC
606,Collier,Kay,2012-02-26 20:58:36 UTC,2012-02-26 20:58:36 UTC
607,Bruen,Justus,2012-02-26 20:58:36 UTC,2012-02-26 20:58:36 UTC
608,Yost,Vergie,2012-02-26 20:58:37 UTC,2012-02-26 20:58:37 UTC
609,Gutkowski,Abbigail,2012-02-26 20:58:37 UTC,2012-02-26 20:58:37 UTC
610,Wilkinson,Halie,2012-02-26 20:58:37 UTC,2012-02-26 20:58:37 UTC
611,Greenholt,Sarai,2012-02-26 20:58:37 UTC,2012-02-26 20:58:37 UTC
612,Schowalter,Coby,2012-02-26 20:58:37 UTC,2012-02-26 20:58:37 UTC
613,Langworth,Dawson,2012-02-26 20:58:37 UTC,2012-02-26 20:58:37 UTC
614,Schuster,Colleen,2012-02-26 20:58:38 UTC,2012-02-26 20:58:38 UTC
615,Kautzer,Kennith,2012-02-26 20:58:38 UTC,2012-02-26 20:58:38 UTC
616,Leannon,Lea,2012-02-26 20:58:38 UTC,2012-02-26 20:58:38 UTC
617,Fisher,Mohammad,2012-02-26 20:58:38 UTC,2012-02-26 20:58:38 UTC
618,Keebler,Coleman,2012-02-26 20:58:38 UTC,2012-02-26 20:58:38 UTC
619,Eichmann,Lisa,2012-02-26 20:58:38 UTC,2012-02-26 20:58:38 UTC
620,Sipes,Ryley,2012-02-26 20:58:39 UTC,2012-02-26 20:58:39 UTC
621,Carter,Lisandro,2012-02-26 20:58:39 UTC,2012-02-26 20:58:39 UTC
622,Cummerata,Delfina,2012-02-26 20:58:39 UTC,2012-02-26 20:58:39 UTC
623,Walter,Sedrick,2012-02-26 20:58:39 UTC,2012-02-26 20:58:39 UTC
624,Oberbrunner,Avis,2012-02-26 20:58:39 UTC,2012-02-26 20:58:39 UTC
625,Pagac,Naomie,2012-02-26 20:58:39 UTC,2012-02-26 20:58:39 UTC
626,Jones,Chad,2012-02-26 20:58:40 UTC,2012-02-26 20:58:40 UTC
627,Corkery,Haleigh,2012-02-26 20:58:40 UTC,2012-02-26 20:58:40 UTC
628,Cartwright,Dolores,2012-02-26 20:58:40 UTC,2012-02-26 20:58:40 UTC
629,Botsford,Della,2012-02-26 20:58:41 UTC,2012-02-26 20:58:41 UTC
630,Thiel,Wilford,2012-02-26 20:58:41 UTC,2012-02-26 20:58:41 UTC
631,Harber,Demond,2012-02-26 20:58:41 UTC,2012-02-26 20:58:41 UTC
632,Olson,Marge,2012-02-26 20:58:41 UTC,2012-02-26 20:58:41 UTC
633,Wolf,Emilie,2012-02-26 20:58:41 UTC,2012-02-26 20:58:41 UTC
634,Greenfelder,Jesse,2012-02-26 20:58:41 UTC,2012-02-26 20:58:41 UTC
635,Kulas,Payton,2012-02-26 20:58:42 UTC,2012-02-26 20:58:42 UTC
636,Swaniawski,Terence,2012-02-26 20:58:42 UTC,2012-02-26 20:58:42 UTC
637,Mills,Aryanna,2012-02-26 20:58:42 UTC,2012-02-26 20:58:42 UTC
638,Oberbrunner,Jany,2012-02-26 20:58:42 UTC,2012-02-26 20:58:42 UTC
639,Padberg,Erling,2012-02-26 20:58:42 UTC,2012-02-26 20:58:42 UTC
640,Quitzon,Leonel,2012-02-26 20:58:42 UTC,2012-02-26 20:58:42 UTC
641,Kreiger,Winona,2012-02-26 20:58:42 UTC,2012-02-26 20:58:42 UTC
642,Keebler,Gust,2012-02-26 20:58:42 UTC,2012-02-26 20:58:42 UTC
643,McKenzie,Amiya,2012-02-26 20:58:43 UTC,2012-02-26 20:58:43 UTC
644,McClure,Forest,2012-02-26 20:58:43 UTC,2012-02-26 20:58:43 UTC
645,Haley,Bruce,2012-02-26 20:58:43 UTC,2012-02-26 20:58:43 UTC
646,Lesch,Yvonne,2012-02-26 20:58:43 UTC,2012-02-26 20:58:43 UTC
647,Boehm,Keara,2012-02-26 20:58:44 UTC,2012-02-26 20:58:44 UTC
648,Upton,Jeffery,2012-02-26 20:58:44 UTC,2012-02-26 20:58:44 UTC
649,Feil,Hadley,2012-02-26 20:58:44 UTC,2012-02-26 20:58:44 UTC
650,Hane,Cydney,2012-02-26 20:58:44 UTC,2012-02-26 20:58:44 UTC
651,Hilpert,Tremayne,2012-02-26 20:58:45 UTC,2012-02-26 20:58:45 UTC
652,Carter,Elmore,2012-02-26 20:58:45 UTC,2012-02-26 20:58:45 UTC
653,Schoen,Maxie,2012-02-26 20:58:45 UTC,2012-02-26 20:58:45 UTC
654,Franecki,Christine,2012-02-26 20:58:45 UTC,2012-02-26 20:58:45 UTC
655,Spencer,Ella,2012-02-26 20:58:45 UTC,2012-02-26 20:58:45 UTC
656,Ondricka,Brant,2012-02-26 20:58:46 UTC,2012-02-26 20:58:46 UTC
657,Hodkiewicz,Brennon,2012-02-26 20:58:46 UTC,2012-02-26 20:58:46 UTC
658,Luettgen,Juliet,2012-02-26 20:58:46 UTC,2012-02-26 20:58:46 UTC
659,Leffler,Estrella,2012-02-26 20:58:46 UTC,2012-02-26 20:58:46 UTC
660,Greenholt,Georgette,2012-02-26 20:58:46 UTC,2012-02-26 20:58:46 UTC
661,Hermann,Nikolas,2012-02-26 20:58:46 UTC,2012-02-26 20:58:46 UTC
662,Kovacek,Casandra,2012-02-26 20:58:47 UTC,2012-02-26 20:58:47 UTC
663,Doyle,Schuyler,2012-02-26 20:58:47 UTC,2012-02-26 20:58:47 UTC
664,Goodwin,Owen,2012-02-26 20:58:47 UTC,2012-02-26 20:58:47 UTC
665,Swift,Jon,2012-02-26 20:58:47 UTC,2012-02-26 20:58:47 UTC
666,Welch,Madeline,2012-02-26 20:58:47 UTC,2012-02-26 20:58:47 UTC
667,Bartoletti,Caesar,2012-02-26 20:58:47 UTC,2012-02-26 20:58:47 UTC
668,Crona,Deion,2012-02-26 20:58:47 UTC,2012-02-26 20:58:47 UTC
669,Torp,Violet,2012-02-26 20:58:48 UTC,2012-02-26 20:58:48 UTC
670,Bauch,Erling,2012-02-26 20:58:48 UTC,2012-02-26 20:58:48 UTC
671,Runte,Norbert,2012-02-26 20:58:48 UTC,2012-02-26 20:58:48 UTC
672,Reichel,Emmy,2012-02-26 20:58:48 UTC,2012-02-26 20:58:48 UTC
673,Feil,Isabel,2012-02-26 20:58:48 UTC,2012-02-26 20:58:48 UTC
674,Pollich,Jannie,2012-02-26 20:58:48 UTC,2012-02-26 20:58:48 UTC
675,Harris,Sierra,2012-02-26 20:58:48 UTC,2012-02-26 20:58:48 UTC
676,Marvin,Hubert,2012-02-26 20:58:49 UTC,2012-02-26 20:58:49 UTC
677,Hilpert,Gennaro,2012-02-26 20:58:49 UTC,2012-02-26 20:58:49 UTC
678,Kirlin,Bertha,2012-02-26 20:58:49 UTC,2012-02-26 20:58:49 UTC
679,McDermott,Rossie,2012-02-26 20:58:49 UTC,2012-02-26 20:58:49 UTC
680,Abbott,Kyla,2012-02-26 20:58:49 UTC,2012-02-26 20:58:49 UTC
681,Kunde,Heather,2012-02-26 20:58:49 UTC,2012-02-26 20:58:49 UTC
682,Batz,Darrion,2012-02-26 20:58:50 UTC,2012-02-26 20:58:50 UTC
683,Blanda,Gaylord,2012-02-26 20:58:50 UTC,2012-02-26 20:58:50 UTC
684,Brakus,Elvera,2012-02-26 20:58:50 UTC,2012-02-26 20:58:50 UTC
685,Jewess,Francisca,2012-02-26 20:58:50 UTC,2012-02-26 20:58:50 UTC
686,O'Keefe,Aleen,2012-02-26 20:58:50 UTC,2012-02-26 20:58:50 UTC
687,Zemlak,Shawna,2012-02-26 20:58:50 UTC,2012-02-26 20:58:50 UTC
688,Murphy,Mertie,2012-02-26 20:58:50 UTC,2012-02-26 20:58:50 UTC
689,Rempel,Morgan,2012-02-26 20:58:51 UTC,2012-02-26 20:58:51 UTC
690,Harris,Mavis,2012-02-26 20:58:51 UTC,2012-02-26 20:58:51 UTC
691,Balistreri,Monserrate,2012-02-26 20:58:51 UTC,2012-02-26 20:58:51 UTC
692,Kuhn,Jaida,2012-02-26 20:58:51 UTC,2012-02-26 20:58:51 UTC
693,Wolf,Micaela,2012-02-26 20:58:51 UTC,2012-02-26 20:58:51 UTC
694,Schamberger,Tyreek,2012-02-26 20:58:51 UTC,2012-02-26 20:58:51 UTC
695,Pouros,Burdette,2012-02-26 20:58:51 UTC,2012-02-26 20:58:51 UTC
696,Huels,Maci,2012-02-26 20:58:51 UTC,2012-02-26 20:58:51 UTC
697,Altenwerth,Veda,2012-02-26 20:58:51 UTC,2012-02-26 20:58:51 UTC
698,Walsh,Ernestine,2012-02-26 20:58:52 UTC,2012-02-26 20:58:52 UTC
699,Leuschke,Michelle,2012-02-26 20:58:52 UTC,2012-02-26 20:58:52 UTC
700,Raynor,Jaleel,2012-02-26 20:58:52 UTC,2012-02-26 20:58:52 UTC
701,Mitchell,Faye,2012-02-26 20:58:52 UTC,2012-02-26 20:58:52 UTC
702,Stracke,Tomas,2012-02-26 20:58:52 UTC,2012-02-26 20:58:52 UTC
703,Padberg,Catharine,2012-02-26 20:58:52 UTC,2012-02-26 20:58:52 UTC
704,Dooley,Jerad,2012-02-26 20:58:52 UTC,2012-02-26 20:58:52 UTC
705,Tremblay,Germaine,2012-02-26 20:58:52 UTC,2012-02-26 20:58:52 UTC
706,Ratke,Jeremy,2012-02-26 20:58:53 UTC,2012-02-26 20:58:53 UTC
707,Treutel,Catalina,2012-02-26 20:58:53 UTC,2012-02-26 20:58:53 UTC
708,Ankunding,Daisha,2012-02-26 20:58:53 UTC,2012-02-26 20:58:53 UTC
709,Luettgen,Lilyan,2012-02-26 20:58:53 UTC,2012-02-26 20:58:53 UTC
710,Schaefer,Oren,2012-02-26 20:58:53 UTC,2012-02-26 20:58:53 UTC
711,Harris,Shaniya,2012-02-26 20:58:53 UTC,2012-02-26 20:58:53 UTC
712,Ward,Addison,2012-02-26 20:58:53 UTC,2012-02-26 20:58:53 UTC
713,Nikolaus,Nathanial,2012-02-26 20:58:53 UTC,2012-02-26 20:58:53 UTC
714,Morissette,Brisa,2012-02-26 20:58:53 UTC,2012-02-26 20:58:53 UTC
715,Kirlin,Jamel,2012-02-26 20:58:54 UTC,2012-02-26 20:58:54 UTC
716,Kshlerin,Roscoe,2012-02-26 20:58:54 UTC,2012-02-26 20:58:54 UTC
717,Anderson,Dustin,2012-02-26 20:58:54 UTC,2012-02-26 20:58:54 UTC
718,Kiehn,Lisette,2012-02-26 20:58:54 UTC,2012-02-26 20:58:54 UTC
719,Swaniawski,Karine,2012-02-26 20:58:54 UTC,2012-02-26 20:58:54 UTC
720,Koss,Jasen,2012-02-26 20:58:54 UTC,2012-02-26 20:58:54 UTC
721,Maggio,Dashawn,2012-02-26 20:58:54 UTC,2012-02-26 20:58:54 UTC
722,Armstrong,Jabari,2012-02-26 20:58:55 UTC,2012-02-26 20:58:55 UTC
723,Ruecker,Kyla,2012-02-26 20:58:55 UTC,2012-02-26 20:58:55 UTC
724,Spinka,Tommie,2012-02-26 20:58:55 UTC,2012-02-26 20:58:55 UTC
725,Stark,Genevieve,2012-02-26 20:58:55 UTC,2012-02-26 20:58:55 UTC
726,Eichmann,Addie,2012-02-26 20:58:55 UTC,2012-02-26 20:58:55 UTC
727,Harber,Nikita,2012-02-26 20:58:55 UTC,2012-02-26 20:58:55 UTC
728,Kozey,Pascale,2012-02-26 20:58:55 UTC,2012-02-26 20:58:55 UTC
729,Corkery,Leann,2012-02-26 20:58:55 UTC,2012-02-26 20:58:55 UTC
730,Baumbach,Nicolas,2012-02-26 20:58:55 UTC,2012-02-26 20:58:55 UTC
731,Cole,Ayla,2012-02-26 20:58:56 UTC,2012-02-26 20:58:56 UTC
732,Ullrich,Johnnie,2012-02-26 20:58:56 UTC,2012-02-26 20:58:56 UTC
733,Wolf,Jimmie,2012-02-26 20:58:56 UTC,2012-02-26 20:58:56 UTC
734,Lesch,Arlene,2012-02-26 20:58:56 UTC,2012-02-26 20:58:56 UTC
735,Schoen,Mac,2012-02-26 20:58:57 UTC,2012-02-26 20:58:57 UTC
736,Bednar,Ariel,2012-02-26 20:58:57 UTC,2012-02-26 20:58:57 UTC
737,Mosciski,Precious,2012-02-26 20:58:57 UTC,2012-02-26 20:58:57 UTC
738,Lemke,Mark,2012-02-26 20:58:57 UTC,2012-02-26 20:58:57 UTC
739,Fay,Ricky,2012-02-26 20:58:57 UTC,2012-02-26 20:58:57 UTC
740,Hills,Erling,2012-02-26 20:58:57 UTC,2012-02-26 20:58:57 UTC
741,Walker,Alexandro,2012-02-26 20:58:57 UTC,2012-02-26 20:58:57 UTC
742,Ullrich,Bernardo,2012-02-26 20:58:57 UTC,2012-02-26 20:58:57 UTC
743,McKenzie,Kevon,2012-02-26 20:58:58 UTC,2012-02-26 20:58:58 UTC
744,Quigley,Jeffry,2012-02-26 20:58:58 UTC,2012-02-26 20:58:58 UTC
745,Brakus,Sandy,2012-02-26 20:58:58 UTC,2012-02-26 20:58:58 UTC
746,Schowalter,Jacklyn,2012-02-26 20:58:58 UTC,2012-02-26 20:58:58 UTC
747,Toy,Pablo,2012-02-26 20:58:58 UTC,2012-02-26 20:58:58 UTC
748,Fritsch,Mazie,2012-02-26 20:58:58 UTC,2012-02-26 20:58:58 UTC
749,Hyatt,Leonardo,2012-02-26 20:58:59 UTC,2012-02-26 20:58:59 UTC
750,Steuber,Lindsay,2012-02-26 20:58:59 UTC,2012-02-26 20:58:59 UTC
751,Collier,Marlen,2012-02-26 20:58:59 UTC,2012-02-26 20:58:59 UTC
752,Little,Leanne,2012-02-26 20:58:59 UTC,2012-02-26 20:58:59 UTC
753,Rippin,Carter,2012-02-26 20:58:59 UTC,2012-02-26 20:58:59 UTC
754,Torp,Vinnie,2012-02-26 20:59:00 UTC,2012-02-26 20:59:00 UTC
755,Fay,Richmond,2012-02-26 20:59:00 UTC,2012-02-26 20:59:00 UTC
756,Friesen,Kyra,2012-02-26 20:59:00 UTC,2012-02-26 20:59:00 UTC
757,Dach,Era,2012-02-26 20:59:00 UTC,2012-02-26 20:59:00 UTC
758,Sanford,Sandy,2012-02-26 20:59:00 UTC,2012-02-26 20:59:00 UTC
759,Bins,Chasity,2012-02-26 20:59:00 UTC,2012-02-26 20:59:00 UTC
760,Schaden,Branson,2012-02-26 20:59:00 UTC,2012-02-26 20:59:00 UTC
761,Stamm,Ali,2012-02-26 20:59:01 UTC,2012-02-26 20:59:01 UTC
762,Stiedemann,Corene,2012-02-26 20:59:01 UTC,2012-02-26 20:59:01 UTC
763,Haag,Darrel,2012-02-26 20:59:01 UTC,2012-02-26 20:59:01 UTC
764,Fahey,Kenna,2012-02-26 20:59:01 UTC,2012-02-26 20:59:01 UTC
765,Feest,Keyon,2012-02-26 20:59:01 UTC,2012-02-26 20:59:01 UTC
766,Veum,Price,2012-02-26 20:59:02 UTC,2012-02-26 20:59:02 UTC
767,Dooley,Jaqueline,2012-02-26 20:59:02 UTC,2012-02-26 20:59:02 UTC
768,Davis,Amalia,2012-02-26 20:59:02 UTC,2012-02-26 20:59:02 UTC
769,Gleason,Sigurd,2012-02-26 20:59:02 UTC,2012-02-26 20:59:02 UTC
770,Stiedemann,Cydney,2012-02-26 20:59:02 UTC,2012-02-26 20:59:02 UTC
771,Wunsch,Ariane,2012-02-26 20:59:02 UTC,2012-02-26 20:59:02 UTC
772,Raynor,Bradly,2012-02-26 20:59:03 UTC,2012-02-26 20:59:03 UTC
773,Muller,Santa,2012-02-26 20:59:03 UTC,2012-02-26 20:59:03 UTC
774,Grant,Phyllis,2012-02-26 20:59:03 UTC,2012-02-26 20:59:03 UTC
775,Koepp,Baron,2012-02-26 20:59:03 UTC,2012-02-26 20:59:03 UTC
776,Fritsch,Halle,2012-02-26 20:59:03 UTC,2012-02-26 20:59:03 UTC
777,Blick,Gustave,2012-02-26 20:59:03 UTC,2012-02-26 20:59:03 UTC
778,Huel,Nakia,2012-02-26 20:59:04 UTC,2012-02-26 20:59:04 UTC
779,Walter,Chloe,2012-02-26 20:59:04 UTC,2012-02-26 20:59:04 UTC
780,Farrell,Enola,2012-02-26 20:59:04 UTC,2012-02-26 20:59:04 UTC
781,Stamm,Katelin,2012-02-26 20:59:04 UTC,2012-02-26 20:59:04 UTC
782,Hodkiewicz,Cielo,2012-02-26 20:59:04 UTC,2012-02-26 20:59:04 UTC
783,Schultz,Gwen,2012-02-26 20:59:04 UTC,2012-02-26 20:59:04 UTC
784,Casper,Isaias,2012-02-26 20:59:04 UTC,2012-02-26 20:59:04 UTC
785,West,Jess,2012-02-26 20:59:05 UTC,2012-02-26 20:59:05 UTC
786,Kling,Easter,2012-02-26 20:59:05 UTC,2012-02-26 20:59:05 UTC
787,Kohler,Fausto,2012-02-26 20:59:05 UTC,2012-02-26 20:59:05 UTC
788,Morar,Zoie,2012-02-26 20:59:05 UTC,2012-02-26 20:59:05 UTC
789,Pfannerstill,Retha,2012-02-26 20:59:05 UTC,2012-02-26 20:59:05 UTC
790,Walsh,Susana,2012-02-26 20:59:06 UTC,2012-02-26 20:59:06 UTC
791,Barton,Evelyn,2012-02-26 20:59:06 UTC,2012-02-26 20:59:06 UTC
792,Blick,Una,2012-02-26 20:59:06 UTC,2012-02-26 20:59:06 UTC
793,Tillman,Gerard,2012-02-26 20:59:06 UTC,2012-02-26 20:59:06 UTC
794,Okuneva,Arvel,2012-02-26 20:59:06 UTC,2012-02-26 20:59:06 UTC
795,Wisozk,Bernadine,2012-02-26 20:59:07 UTC,2012-02-26 20:59:07 UTC
796,Buckridge,Van,2012-02-26 20:59:07 UTC,2012-02-26 20:59:07 UTC
797,Wiza,Cary,2012-02-26 20:59:07 UTC,2012-02-26 20:59:07 UTC
798,Rath,Jacynthe,2012-02-26 20:59:07 UTC,2012-02-26 20:59:07 UTC
799,Brekke,Shaniya,2012-02-26 20:59:07 UTC,2012-02-26 20:59:07 UTC
800,Quigley,Estel,2012-02-26 20:59:07 UTC,2012-02-26 20:59:07 UTC
801,Gibson,Natalie,2012-02-26 20:59:08 UTC,2012-02-26 20:59:08 UTC
802,Glover,Oma,2012-02-26 20:59:08 UTC,2012-02-26 20:59:08 UTC
803,Sawayn,Neva,2012-02-26 20:59:08 UTC,2012-02-26 20:59:08 UTC
804,Carroll,Rosalee,2012-02-26 20:59:08 UTC,2012-02-26 20:59:08 UTC
805,Langworth,Madisyn,2012-02-26 20:59:08 UTC,2012-02-26 20:59:08 UTC
806,Ratke,Jakob,2012-02-26 20:59:09 UTC,2012-02-26 20:59:09 UTC
807,Zemlak,Burnice,2012-02-26 20:59:09 UTC,2012-02-26 20:59:09 UTC
808,Olson,Jaleel,2012-02-26 20:59:09 UTC,2012-02-26 20:59:09 UTC
809,Bins,Graham,2012-02-26 20:59:09 UTC,2012-02-26 20:59:09 UTC
810,Olson,Brooke,2012-02-26 20:59:09 UTC,2012-02-26 20:59:09 UTC
811,Schultz,Cruz,2012-02-26 20:59:09 UTC,2012-02-26 20:59:09 UTC
812,Franecki,Ophelia,2012-02-26 20:59:10 UTC,2012-02-26 20:59:10 UTC
813,Daugherty,Arlie,2012-02-26 20:59:10 UTC,2012-02-26 20:59:10 UTC
814,Reichert,Myron,2012-02-26 20:59:10 UTC,2012-02-26 20:59:10 UTC
815,Parker,Fausto,2012-02-26 20:59:10 UTC,2012-02-26 20:59:10 UTC
816,Lynch,Trinity,2012-02-26 20:59:10 UTC,2012-02-26 20:59:10 UTC
817,Krajcik,Hassan,2012-02-26 20:59:10 UTC,2012-02-26 20:59:10 UTC
818,Johnson,Dayne,2012-02-26 20:59:10 UTC,2012-02-26 20:59:10 UTC
819,Bednar,Anika,2012-02-26 20:59:11 UTC,2012-02-26 20:59:11 UTC
820,Bergstrom,Remington,2012-02-26 20:59:11 UTC,2012-02-26 20:59:11 UTC
821,Hessel,Nelson,2012-02-26 20:59:11 UTC,2012-02-26 20:59:11 UTC
822,Kuhic,Wilmer,2012-02-26 20:59:11 UTC,2012-02-26 20:59:11 UTC
823,Donnelly,Bernita,2012-02-26 20:59:12 UTC,2012-02-26 20:59:12 UTC
824,Kling,Kieran,2012-02-26 20:59:12 UTC,2012-02-26 20:59:12 UTC
825,O'Reilly,Letitia,2012-02-26 20:59:12 UTC,2012-02-26 20:59:12 UTC
826,Schmeler,Aracely,2012-02-26 20:59:12 UTC,2012-02-26 20:59:12 UTC
827,Cummings,Ellie,2012-02-26 20:59:12 UTC,2012-02-26 20:59:12 UTC
828,Ondricka,Carson,2012-02-26 20:59:12 UTC,2012-02-26 20:59:12 UTC
829,Kuvalis,Dangelo,2012-02-26 20:59:12 UTC,2012-02-26 20:59:12 UTC
830,Heidenreich,Miguel,2012-02-26 20:59:13 UTC,2012-02-26 20:59:13 UTC
831,Hilpert,Alanis,2012-02-26 20:59:13 UTC,2012-02-26 20:59:13 UTC
832,Waters,Ima,2012-02-26 20:59:13 UTC,2012-02-26 20:59:13 UTC
833,Miller,Columbus,2012-02-26 20:59:13 UTC,2012-02-26 20:59:13 UTC
834,Watsica,Gay,2012-02-26 20:59:13 UTC,2012-02-26 20:59:13 UTC
835,Mohr,Armani,2012-02-26 20:59:13 UTC,2012-02-26 20:59:13 UTC
836,Erdman,Cortney,2012-02-26 20:59:14 UTC,2012-02-26 20:59:14 UTC
837,Lang,Afton,2012-02-26 20:59:14 UTC,2012-02-26 20:59:14 UTC
838,Effertz,Cydney,2012-02-26 20:59:14 UTC,2012-02-26 20:59:14 UTC
839,Schuppe,Wallace,2012-02-26 20:59:14 UTC,2012-02-26 20:59:14 UTC
840,Cormier,Abel,2012-02-26 20:59:14 UTC,2012-02-26 20:59:14 UTC
841,VonRueden,Newell,2012-02-26 20:59:14 UTC,2012-02-26 20:59:14 UTC
842,Emard,John,2012-02-26 20:59:14 UTC,2012-02-26 20:59:14 UTC
843,Weimann,Zander,2012-02-26 20:59:14 UTC,2012-02-26 20:59:14 UTC
844,Skiles,Abel,2012-02-26 20:59:15 UTC,2012-02-26 20:59:15 UTC
845,Lebsack,Clifton,2012-02-26 20:59:15 UTC,2012-02-26 20:59:15 UTC
846,Nolan,Margarete,2012-02-26 20:59:15 UTC,2012-02-26 20:59:15 UTC
847,Cole,Michelle,2012-02-26 20:59:15 UTC,2012-02-26 20:59:15 UTC
848,Heller,Devon,2012-02-26 20:59:15 UTC,2012-02-26 20:59:15 UTC
849,Boehm,Baron,2012-02-26 20:59:15 UTC,2012-02-26 20:59:15 UTC
850,Mayer,Lilly,2012-02-26 20:59:15 UTC,2012-02-26 20:59:15 UTC
851,Zemlak,Florida,2012-02-26 20:59:16 UTC,2012-02-26 20:59:16 UTC
852,Hyatt,Vilma,2012-02-26 20:59:16 UTC,2012-02-26 20:59:16 UTC
853,Schowalter,Jaden,2012-02-26 20:59:16 UTC,2012-02-26 20:59:16 UTC
854,Sporer,Shaun,2012-02-26 20:59:16 UTC,2012-02-26 20:59:16 UTC
855,Ledner,Rachael,2012-02-26 20:59:16 UTC,2012-02-26 20:59:16 UTC
856,Wolff,Alexys,2012-02-26 20:59:16 UTC,2012-02-26 20:59:16 UTC
857,Rowe,Kayley,2012-02-26 20:59:16 UTC,2012-02-26 20:59:16 UTC
858,Ankunding,Wilhelm,2012-02-26 20:59:16 UTC,2012-02-26 20:59:16 UTC
859,Dach,Mylene,2012-02-26 20:59:16 UTC,2012-02-26 20:59:16 UTC
860,Stiedemann,Maud,2012-02-26 20:59:17 UTC,2012-02-26 20:59:17 UTC
861,Hansen,Osbaldo,2012-02-26 20:59:17 UTC,2012-02-26 20:59:17 UTC
862,Bednar,Rhett,2012-02-26 20:59:17 UTC,2012-02-26 20:59:17 UTC
863,Gibson,Jerad,2012-02-26 20:59:17 UTC,2012-02-26 20:59:17 UTC
864,Durgan,Caitlyn,2012-02-26 20:59:17 UTC,2012-02-26 20:59:17 UTC
865,Heller,Leanne,2012-02-26 20:59:17 UTC,2012-02-26 20:59:17 UTC
866,Rolfson,Mckenzie,2012-02-26 20:59:17 UTC,2012-02-26 20:59:17 UTC
867,Fritsch,Julio,2012-02-26 20:59:18 UTC,2012-02-26 20:59:18 UTC
868,Tromp,Marjorie,2012-02-26 20:59:18 UTC,2012-02-26 20:59:18 UTC
869,Russel,Jewel,2012-02-26 20:59:18 UTC,2012-02-26 20:59:18 UTC
870,Swift,Lesly,2012-02-26 20:59:18 UTC,2012-02-26 20:59:18 UTC
871,Howell,Pierce,2012-02-26 20:59:18 UTC,2012-02-26 20:59:18 UTC
872,Ratke,Jonathon,2012-02-26 20:59:19 UTC,2012-02-26 20:59:19 UTC
873,Stanton,Trycia,2012-02-26 20:59:19 UTC,2012-02-26 20:59:19 UTC
874,Pollich,Mathilde,2012-02-26 20:59:19 UTC,2012-02-26 20:59:19 UTC
875,Jakubowski,Arturo,2012-02-26 20:59:19 UTC,2012-02-26 20:59:19 UTC
876,Roob,Kendall,2012-02-26 20:59:19 UTC,2012-02-26 20:59:19 UTC
877,Ernser,Myra,2012-02-26 20:59:19 UTC,2012-02-26 20:59:19 UTC
878,Dickens,Eli,2012-02-26 20:59:19 UTC,2012-02-26 20:59:19 UTC
879,Carter,Juana,2012-02-26 20:59:19 UTC,2012-02-26 20:59:19 UTC
880,Brekke,Asa,2012-02-26 20:59:19 UTC,2012-02-26 20:59:19 UTC
881,Reilly,Christ,2012-02-26 20:59:20 UTC,2012-02-26 20:59:20 UTC
882,Bogan,Cara,2012-02-26 20:59:20 UTC,2012-02-26 20:59:20 UTC
883,Fahey,Newell,2012-02-26 20:59:20 UTC,2012-02-26 20:59:20 UTC
884,Stracke,Winifred,2012-02-26 20:59:20 UTC,2012-02-26 20:59:20 UTC
885,Champlin,Tamara,2012-02-26 20:59:20 UTC,2012-02-26 20:59:20 UTC
886,Walter,Jaime,2012-02-26 20:59:20 UTC,2012-02-26 20:59:20 UTC
887,Braun,Elizabeth,2012-02-26 20:59:20 UTC,2012-02-26 20:59:20 UTC
888,Sauer,Agnes,2012-02-26 20:59:20 UTC,2012-02-26 20:59:20 UTC
889,Torp,Tristian,2012-02-26 20:59:20 UTC,2012-02-26 20:59:20 UTC
890,Kris,Tremaine,2012-02-26 20:59:21 UTC,2012-02-26 20:59:21 UTC
891,Lemke,Ariane,2012-02-26 20:59:21 UTC,2012-02-26 20:59:21 UTC
892,Pfeffer,Oma,2012-02-26 20:59:21 UTC,2012-02-26 20:59:21 UTC
893,Leuschke,Edwardo,2012-02-26 20:59:22 UTC,2012-02-26 20:59:22 UTC
894,Zboncak,Adele,2012-02-26 20:59:22 UTC,2012-02-26 20:59:22 UTC
895,Wilderman,Agnes,2012-02-26 20:59:22 UTC,2012-02-26 20:59:22 UTC
896,Medhurst,Scotty,2012-02-26 20:59:22 UTC,2012-02-26 20:59:22 UTC
897,Moore,Karli,2012-02-26 20:59:22 UTC,2012-02-26 20:59:22 UTC
898,Aufderhar,Florida,2012-02-26 20:59:22 UTC,2012-02-26 20:59:22 UTC
899,Deckow,Wyatt,2012-02-26 20:59:23 UTC,2012-02-26 20:59:23 UTC
900,Deckow,Effie,2012-02-26 20:59:23 UTC,2012-02-26 20:59:23 UTC
901,Stanton,Mattie,2012-02-26 20:59:23 UTC,2012-02-26 20:59:23 UTC
902,Roob,Sabina,2012-02-26 20:59:23 UTC,2012-02-26 20:59:23 UTC
903,Reichel,Bethel,2012-02-26 20:59:23 UTC,2012-02-26 20:59:23 UTC
904,Kilback,Aric,2012-02-26 20:59:23 UTC,2012-02-26 20:59:23 UTC
905,Keebler,Anne,2012-02-26 20:59:23 UTC,2012-02-26 20:59:23 UTC
906,Beer,Lilian,2012-02-26 20:59:24 UTC,2012-02-26 20:59:24 UTC
907,Schultz,Kyleigh,2012-02-26 20:59:24 UTC,2012-02-26 20:59:24 UTC
908,Jerde,Guido,2012-02-26 20:59:24 UTC,2012-02-26 20:59:24 UTC
909,Emmerich,Ezra,2012-02-26 20:59:24 UTC,2012-02-26 20:59:24 UTC
910,Schowalter,Rogelio,2012-02-26 20:59:24 UTC,2012-02-26 20:59:24 UTC
911,Sawayn,Alvis,2012-02-26 20:59:24 UTC,2012-02-26 20:59:24 UTC
912,Connelly,Cierra,2012-02-26 20:59:24 UTC,2012-02-26 20:59:24 UTC
913,Steuber,Ara,2012-02-26 20:59:24 UTC,2012-02-26 20:59:24 UTC
914,Jacobi,Margarette,2012-02-26 20:59:25 UTC,2012-02-26 20:59:25 UTC
915,Von,Myrtis,2012-02-26 20:59:25 UTC,2012-02-26 20:59:25 UTC
916,Bode,Trystan,2012-02-26 20:59:25 UTC,2012-02-26 20:59:25 UTC
917,Roberts,Burnice,2012-02-26 20:59:25 UTC,2012-02-26 20:59:25 UTC
918,Howe,Lorenza,2012-02-26 20:59:26 UTC,2012-02-26 20:59:26 UTC
919,Cummerata,Adriel,2012-02-26 20:59:26 UTC,2012-02-26 20:59:26 UTC
920,Kovacek,Terrell,2012-02-26 20:59:26 UTC,2012-02-26 20:59:26 UTC
921,Kulas,Mckenzie,2012-02-26 20:59:26 UTC,2012-02-26 20:59:26 UTC
922,Predovic,Hector,2012-02-26 20:59:26 UTC,2012-02-26 20:59:26 UTC
923,Kulas,Drew,2012-02-26 20:59:26 UTC,2012-02-26 20:59:26 UTC
924,Mayert,Gilberto,2012-02-26 20:59:26 UTC,2012-02-26 20:59:26 UTC
925,Feest,Johnson,2012-02-26 20:59:27 UTC,2012-02-26 20:59:27 UTC
926,Russel,Emilie,2012-02-26 20:59:27 UTC,2012-02-26 20:59:27 UTC
927,Tremblay,Ruben,2012-02-26 20:59:27 UTC,2012-02-26 20:59:27 UTC
928,Bergnaum,Sally,2012-02-26 20:59:27 UTC,2012-02-26 20:59:27 UTC
929,Batz,Claudie,2012-02-26 20:59:27 UTC,2012-02-26 20:59:27 UTC
930,Olson,Easter,2012-02-26 20:59:27 UTC,2012-02-26 20:59:27 UTC
931,Labadie,Devin,2012-02-26 20:59:27 UTC,2012-02-26 20:59:27 UTC
932,Swaniawski,Jackson,2012-02-26 20:59:27 UTC,2012-02-26 20:59:27 UTC
933,Bosco,Rosario,2012-02-26 20:59:28 UTC,2012-02-26 20:59:28 UTC
934,Koch,Sigrid,2012-02-26 20:59:28 UTC,2012-02-26 20:59:28 UTC
935,Marks,Walton,2012-02-26 20:59:28 UTC,2012-02-26 20:59:28 UTC
936,McCullough,Susana,2012-02-26 20:59:28 UTC,2012-02-26 20:59:28 UTC
937,Nader,Evans,2012-02-26 20:59:28 UTC,2012-02-26 20:59:28 UTC
938,Feeney,Vernie,2012-02-26 20:59:28 UTC,2012-02-26 20:59:28 UTC
939,Connelly,Jedediah,2012-02-26 20:59:29 UTC,2012-02-26 20:59:29 UTC
940,Schaefer,Jerald,2012-02-26 20:59:29 UTC,2012-02-26 20:59:29 UTC
941,Casper,Ardella,2012-02-26 20:59:29 UTC,2012-02-26 20:59:29 UTC
942,Will,Gillian,2012-02-26 20:59:29 UTC,2012-02-26 20:59:29 UTC
943,Roberts,Syble,2012-02-26 20:59:29 UTC,2012-02-26 20:59:29 UTC
944,Monahan,Pablo,2012-02-26 20:59:29 UTC,2012-02-26 20:59:29 UTC
945,Kiehn,Fidel,2012-02-26 20:59:29 UTC,2012-02-26 20:59:29 UTC
946,Renner,Kathryn,2012-02-26 20:59:30 UTC,2012-02-26 20:59:30 UTC
947,Walker,Oren,2012-02-26 20:59:30 UTC,2012-02-26 20:59:30 UTC
948,Hauck,Rubye,2012-02-26 20:59:30 UTC,2012-02-26 20:59:30 UTC
949,Sipes,Karlie,2012-02-26 20:59:30 UTC,2012-02-26 20:59:30 UTC
950,Goodwin,Santiago,2012-02-26 20:59:30 UTC,2012-02-26 20:59:30 UTC
951,Jacobi,Marcellus,2012-02-26 20:59:30 UTC,2012-02-26 20:59:30 UTC
952,Cole,Rossie,2012-02-26 20:59:30 UTC,2012-02-26 20:59:30 UTC
953,Paucek,Myrl,2012-02-26 20:59:31 UTC,2012-02-26 20:59:31 UTC
954,Mraz,Novella,2012-02-26 20:59:31 UTC,2012-02-26 20:59:31 UTC
955,Orn,Collin,2012-02-26 20:59:31 UTC,2012-02-26 20:59:31 UTC
956,Wilkinson,Andres,2012-02-26 20:59:31 UTC,2012-02-26 20:59:31 UTC
957,Davis,Opal,2012-02-26 20:59:31 UTC,2012-02-26 20:59:31 UTC
958,Keeling,Jeramie,2012-02-26 20:59:32 UTC,2012-02-26 20:59:32 UTC
959,Quigley,Florine,2012-02-26 20:59:32 UTC,2012-02-26 20:59:32 UTC
960,Johns,Demarcus,2012-02-26 20:59:32 UTC,2012-02-26 20:59:32 UTC
961,Hilpert,Clay,2012-02-26 20:59:32 UTC,2012-02-26 20:59:32 UTC
962,Abbott,Lottie,2012-02-26 20:59:33 UTC,2012-02-26 20:59:33 UTC
963,Hagenes,Jeanie,2012-02-26 20:59:33 UTC,2012-02-26 20:59:33 UTC
964,Heidenreich,Shanny,2012-02-26 20:59:33 UTC,2012-02-26 20:59:33 UTC
965,Goodwin,Anastacio,2012-02-26 20:59:33 UTC,2012-02-26 20:59:33 UTC
966,Abernathy,Marisol,2012-02-26 20:59:33 UTC,2012-02-26 20:59:33 UTC
967,Bogisich,Deion,2012-02-26 20:59:34 UTC,2012-02-26 20:59:34 UTC
968,Kirlin,Hugh,2012-02-26 20:59:34 UTC,2012-02-26 20:59:34 UTC
969,MacGyver,Tiffany,2012-02-26 20:59:34 UTC,2012-02-26 20:59:34 UTC
970,Schuppe,Kenneth,2012-02-26 20:59:34 UTC,2012-02-26 20:59:34 UTC
971,Jast,Roberta,2012-02-26 20:59:34 UTC,2012-02-26 20:59:34 UTC
972,Kassulke,Camren,2012-02-26 20:59:34 UTC,2012-02-26 20:59:34 UTC
973,Kassulke,Norwood,2012-02-26 20:59:34 UTC,2012-02-26 20:59:34 UTC
974,Considine,Kennith,2012-02-26 20:59:35 UTC,2012-02-26 20:59:35 UTC
975,Runte,Allene,2012-02-26 20:59:35 UTC,2012-02-26 20:59:35 UTC
976,Huel,Aurelie,2012-02-26 20:59:35 UTC,2012-02-26 20:59:35 UTC
977,Langworth,Josiah,2012-02-26 20:59:35 UTC,2012-02-26 20:59:35 UTC
978,D'Amore,Kylie,2012-02-26 20:59:36 UTC,2012-02-26 20:59:36 UTC
979,Kuhn,Domingo,2012-02-26 20:59:36 UTC,2012-02-26 20:59:36 UTC
980,Lynch,Manley,2012-02-26 20:59:36 UTC,2012-02-26 20:59:36 UTC
981,Bergnaum,Anahi,2012-02-26 20:59:36 UTC,2012-02-26 20:59:36 UTC
982,Treutel,Garrick,2012-02-26 20:59:36 UTC,2012-02-26 20:59:36 UTC
983,Christiansen,Evert,2012-02-26 20:59:36 UTC,2012-02-26 20:59:36 UTC
984,Hand,Emmanuelle,2012-02-26 20:59:37 UTC,2012-02-26 20:59:37 UTC
985,Witting,Lennie,2012-02-26 20:59:37 UTC,2012-02-26 20:59:37 UTC
986,Balistreri,Skyla,2012-02-26 20:59:37 UTC,2012-02-26 20:59:37 UTC
987,Casper,Domenic,2012-02-26 20:59:37 UTC,2012-02-26 20:59:37 UTC
988,O'Conner,Leland,2012-02-26 20:59:37 UTC,2012-02-26 20:59:37 UTC
989,Wunsch,Diego,2012-02-26 20:59:37 UTC,2012-02-26 20:59:37 UTC
990,Mante,Kyla,2012-02-26 20:59:37 UTC,2012-02-26 20:59:37 UTC
991,Hamill,Meda,2012-02-26 20:59:38 UTC,2012-02-26 20:59:38 UTC
992,Schneider,Micah,2012-02-26 20:59:38 UTC,2012-02-26 20:59:38 UTC
993,Klein,Waylon,2012-02-26 20:59:38 UTC,2012-02-26 20:59:38 UTC
994,Fritsch,Fritz,2012-02-26 20:59:38 UTC,2012-02-26 20:59:38 UTC
995,Keeling,Jaclyn,2012-02-26 20:59:38 UTC,2012-02-26 20:59:38 UTC
996,Fadel,Kaylah,2012-02-26 20:59:38 UTC,2012-02-26 20:59:38 UTC
997,Tillman,Estrella,2012-02-26 20:59:38 UTC,2012-02-26 20:59:38 UTC
998,Kunde,Reginald,2012-02-26 20:59:38 UTC,2012-02-26 20:59:38 UTC
999,Grimes,Don,2012-02-26 20:59:39 UTC,2012-02-26 20:59:39 UTC
1000,Schroeder,Abagail,2012-02-26 20:59:39 UTC,2012-02-26 20:59:39 UTC
